{"biases":[[0.0202726467282529,0.0112477855387659,0.0,-0.00494422445984737,-0.00486863576870909,0.0113710653657912,-0.00330785665992651,0.0,0.0272116688252482,-0.00363245501154843,0.0,-0.0156082360584365,0.0,0.0210243178263713,-0.00906078014905024,-0.0141758434099826,0.0000151034057379967,-0.000127557977811759,0.00464466963466914,0.00963662733934765,-0.00769080341336681,-0.00364164739002614,-0.0146580270688539,0.0],[-0.028888518033708,0.0,-0.0339247862277151,0.0984869666257582,-0.0243464967106377,0.0101082471514408,0.0,0.0,0.00242675721416542,0.0361338584120927,-0.0229192774095309,-0.000033712980558623,0.0339617629353443,0.0,-0.0117023175283663,0.0161688589540822],[0.0853349812469867,-0.00732637361441945,-0.136948352104067,0.0247034393485657]],"sigma":0.497754494753936,"weights":[[[-0.0209820691012083,0.215995160196311,-0.167434063420337,0.286107284154932,0.231063744391827,0.291073611726538,0.289491032922945,0.101751454841732,0.298306479814234,0.13289892953059,0.160178032016174,-0.0729628946246653,0.119012229727687,-0.113897785749212,-0.170846038596276],[-0.0654962095646902,-0.327465510477179,-0.309736571843919,-0.0681065523521462,-0.0206405985295184,-0.0130612390374223,0.318020984192939,0.00181202433008304,0.0135604994674731,0.207125884452451,0.280303046406259,0.0147344470167122,-0.311505794267235,-0.26499311002191,-0.354278764307034],[-0.285259992700141,-0.261626495091915,-0.118180214304591,-0.341431478498428,-0.310089281741551,-0.144689861132215,-0.0749542888322612,0.277868184173196,0.31076917367429,-0.052064954022845,0.167483996682033,0.0894215163217816,-0.258385024744415,0.0446625974199232,-0.185521318113923],[-0.19574466846358,-0.00394760073719031,-0.260058976984661,0.0177501547004428,-0.17111276927526,-0.0921578853007339,0.313101894991147,0.108583114775898,0.311263705976502,0.161631074260284,0.0604893482653095,-0.0716692609526221,-0.335597748977459,-0.127853672357392,0.0905133634896691],[0.183792768430293,-0.0717799168414561,-0.173478306774602,0.0825050597136915,-0.361971184863094,-0.000239510734827989,0.0589184104949058,0.272248715538476,0.232372197751882,0.335059700287888,-0.259566186467448,0.0914511217761738,-0.108190903202783,0.24843833415588,-0.287366830626576],[-0.130468003704371,-0.0211604008674926,0.32613180486244,0.0847684300798954,0.35130414445662,0.258149590677956,-0.125722406547737,-0.149253060111458,0.226516271161958,0.0112376833467033,-0.179778135367563,0.350580015820535,-0.110176103189128,0.0621655073919823,-0.236592683783145],[-0.286982899710569,0.23779277257217,0.224848170754537,-0.188629474337997,0.02295792398811,-0.0356796822171849,-0.0801668575338772,0.292296399636302,0.0634100284153902,0.101609314012207,0.0183990896638691,-0.183043019889929,0.205233458992067,-0.128432136681666,0.23556102000332],[-0.178157088200812,-0.0964768189140957,-0.184478936516357,-0.292484886895884,-0.152766720660591,-0.272406653160219,-0.247001243385451,0.222974434162198,-0.0530205611540544,0.131967829664335,-0.0263822622946938,-0.0670934475188112,-0.308484753212348,-0.0957526777186581,0.0504624983371953],[-0.274090660276746,-0.0473059064760068,-0.226458543648113,0.0784366787890566,0.333803745348291,-0.0296952428730794,-0.203840346060936,0.0417537280934165,-0.0736992878411286,-0.148567873241784,0.0319139802121631,-0.13688244711748,0.254709182052386,0.208242543824451,0.0360468810913363],[-0.207894694711795,-0.0484981688333674,-0.298966370808922,0.0655776719673132,0.212686428757978,-0.317188971705792,-0.0400295588264451,-0.271359336968247,-0.227988114067342,-0.223786437177818,-0.0467839970531304,-0.221109352095159,0.201785606799895,-0.173488950022514,0.144039579737813],[-0.287291703981028,0.15766050914508,0.332676212622076,0.293696416429054,-0.190957890000801,0.345098038668666,-0.0936428580074581,-0.254881224217988,-0.352113738635091,-0.123366055222468,0.0801887727455861,-0.0324666335029478,0.340970539191235,0.141201835790069,0.126171574635606],[0.180979800852585,-0.323687454005388,0.159653620254144,0.33176248549512,0.154898218344469,0.0420384119568088,0.270805856520806,0.108798174815633,-0.309659864361259,-0.249383836382191,-0.146578129894293,-0.252569743753949,-0.06930081156753,-0.244610634573107,0.212988107619945],[-0.146260394172379,-0.218581162032462,-0.228452762893145,-0.221376471712136,0.124474308367242,0.171837868035189,-0.254839218011858,0.0680633822196263,-0.237182094822389,-0.0106806678993948,-0.259390497277313,0.0941548616874016,0.0617638560001615,0.237411401490426,0.0934158869075498],[0.0137513341251551,-0.0891377528081743,0.0935578961033143,0.105151161854498,0.358852085967953,-0.0883045180505735,0.109509298394399,-0.0481226166337447,0.32053583184813,0.377335038057811,0.271094959343928,0.0933942445874359,-0.215192524866914,-0.0370276282389172,0.307482698358213],[-0.327554298317052,-0.238072162831049,-0.362508147035591,0.0302358828825818,0.207825730535165,0.0216147092790188,-0.28541712041386,-0.02416638258882,0.105352127398801,0.29532132427947,-0.048149277771247,-0.296936360046339,0.195946791738568,-0.303721925885502,0.0346476422876999],[0.344226410706143,0.337718418967276,0.284549579175542,0.361041569363044,0.320780549667414,0.0548293160349109,0.174585625014128,-0.0174525297842013,-0.186688094324125,-0.0186314324863875,-0.142462951909238,0.363670184331817,0.127138243522167,-0.0421269471418743,-0.125579893950905],[0.210643571569428,-0.286774166012981,-0.0438332645034685,0.291849260862872,-0.219216046694744,-0.258106489779037,-0.151387777405942,-0.196876480083401,0.0279023478932215,-0.0691079146080415,-0.173388625554864,-0.231447392050607,-0.0503583876925427,-0.162138758257741,0.290315038465771],[-0.081618599868993,-0.362496546125595,-0.17424805787589,0.004679519238832,-0.175612580737947,0.0858474119474834,-0.0553739756050838,0.107040534945482,0.207818142188473,0.300538805777433,0.196120560790411,-0.125662832893871,-0.048699363525253,-0.272909153134141,-0.351733447847633],[0.340763670676983,0.130634282549889,0.269741630719286,0.139942405796143,0.0673550455272861,0.203226990909731,-0.049786426338848,0.187318338046561,-0.34314163005608,0.0263306844426233,0.319212327750835,-0.236749575406073,-0.273448205942655,0.31286803549006,0.0158739524406048],[-0.0168581599543755,-0.00789354526824148,0.0321184818930826,0.173414290593646,0.147733743566322,0.332821738504378,0.299305768000287,0.149079253832872,0.318428801330299,-0.319141495720428,-0.0578779854445305,0.0128173937164534,-0.185123159922721,0.305066055573995,-0.141936905389417],[-0.196039780072605,-0.14664488108532,-0.0909989149742566,-0.043819321229544,-0.190725910696113,-0.278688113895015,-0.0440269683566997,-0.247347423378372,-0.127546860958356,0.287299858546323,-0.0106255288443501,0.189566719076191,-0.0228887355131458,0.0113865345448004,-0.0464283608781708],[0.278590795349594,-0.109032296293837,0.289485065276885,0.0441165697128426,0.251297416677295,-0.274681312533118,0.062380615490359,-0.222886515778521,-0.139973985602417,0.1956765726994,-0.282012868278566,0.281284397067185,-0.135677398718419,0.223467399471037,0.355905068201189],[-0.118661916329166,-0.107504691607168,-0.0855694769128714,-0.0656619472129139,-0.113052616836488,-0.301866402083838,0.303736172131799,0.270426240734397,0.0958211959995515,-0.0915311128525727,-0.184478578635589,0.0983199143189381,-0.332670399673555,-0.0881945287575594,0.070615154679001],[0.0152201600049522,-0.115814769197385,-0.324634950399597,0.173206957301169,-0.193097617699642,0.358037962460197,-0.327118537321255,0.31367305188461,0.0204644837242584,0.0964399869040143,-0.291828883803323,0.219803018250496,-0.178825213187168,-0.181577725157303,0.317254299825193]],[[-0.000165708164183159,-0.227683303248311,0.0614076604339512,-0.242759463124249,-0.272142266017274,-0.168041409061956,0.0817180022193602,-0.264233513070938,0.0813872074731774,0.225080818774918,-0.175478844453835,-0.136845609159992,0.272903614312764,0.217567062603947,0.0607499486765432,-0.241497438883324,-0.232729692393098,-0.208333451812947,0.281144548245213,0.150683046317279,-0.00411333548538772,