{"biases":[[0.00315752704935452,0.0288562158086428,-0.0610698526709879,-0.00747509294827136,-0.0457969182006771,-0.053193264929737,-0.00104175873228736,0.0136631625268548,-0.00903208326666267,0.0150855682477348,0.0713282891617548,-0.0508771293650607,-0.0156797869466513,0.0139027983540079,-0.0320725092266712,0.0628350745890454,-0.0267814569314323,0.00686021191503595,-0.0116743562040297,0.00182724270901669,-0.0165537435409957,0.00141811516272128,-0.0356448255049144,0.000597183951999204],[0.0288434580435442,-0.105799958267401,0.0004359023196521,-0.00438509478939131,-0.0249800487417508,-0.000702292468417831,-0.0299107652509804,0.0767255650129278,0.00781251815990522,-0.00162222550363758,-0.0292169678366334,0.0806585900580928,0.0750159736980099,-0.0668168287753284,-0.0303148009444568,-0.0105141213924659],[0.348167982456598,-0.291486918873655,0.0893476639515377,0.0458287040946512]],"sigma":0.492800522365368,"weights":[[[0.105580078727758,0.310341620706099,-0.345431348983377,0.016967841354388,0.046277134310339,0.0684195310766886,-0.303825254311217,-0.175177053224624,0.0236502219358628,-0.131553349246129,0.0718973895016086,-0.266758198448651,-0.269025479073247,-0.180864088491468,0.00480125505040714],[-0.0408020265047292,-0.160344380769408,-0.232440898716994,0.193502231273786,0.128474323690126,0.311688389804323,0.359290406473862,-0.106383257764044,0.217573474560816,0.378026118554244,0.289831803073296,-0.0867003696982909,0.26932695220951,0.189603399863851,0.317462477551827],[0.269096357681503,-0.327647177170605,-0.137165942772272,-0.309518825958381,0.241869570797041,0.310677327492516,-0.268280041888299,0.307338375586653,0.25185420695032,-0.100729246777727,-0.32357853135011,0.116974646152312,0.0270938243697956,0.2439029143691,0.0115453205078295],[0.10497949693399,-0.333218283428753,-0.0960823821524311,0.148987753985362,0.285347443810137,-0.241421231918202,0.153480247669235,0.19716719808091,-0.290610909434108,0.231504043566531,0.260469469125013,-0.0409321493978193,0.0943494751394234,-0.0767833557846123,0.180461393943959],[-0.0541240568035228,0.266975100636071,0.182207241097898,0.239605919543097,0.271165680161642,0.113273942668504,-0.365391361337284,-0.0195226199452505,0.00287660316859453,0.0737461459246523,-0.0865140065700465,0.217365699710195,0.307052448172219,-0.202875405780647,0.124980052503568],[0.234862968181663,-0.0385312436465481,0.0791759089882002,0.0413218587103693,0.181566347087877,0.360423992516743,-0.228163527702684,0.144245337472191,-0.188984706327654,0.20918721398728,0.170292669382181,-0.112738501561154,-0.228645655453835,0.0113520530246736,0.0574991366995091],[-0.124986786469908,-0.190975387058218,-0.2919189538969,-0.268824447260864,-0.0755315838138247,-0.323086190159624,-0.14587944717248,0.364497538899913,-0.147824162094215,-0.184093224928767,0.202502751532767,0.242310184462216,-0.319590135251964,-0.34244910850479,-0.0943923124306315],[0.202621538818164,0.272017514976233,-0.0731566388047393,0.33958467980416,-0.00622461581418801,0.154939279814204,-0.355754476351169,-0.0207448383401874,-0.175336560449934,-0.149602423670497,0.284168414026155,-0.26722703023513,0.374605661545075,0.312513109203868,-0.315649474221585],[0.104773369368768,-0.109996160773371,-0.309259482413443,-0.220009364555346,-0.0293713707892548,0.145411234899928,0.331971318347604,-0.199735592165143,-0.174724351084423,-0.243725262980275,-0.154782466496102,0.0166741448478663,0.00255317787457843,0.198712070679354,-0.14169894790906],[0.0843263971646328,0.0720962370022777,0.291879529708873,-0.0490331590852194,-0.29183856463719,-0.0745281469292746,0.182227955428023,0.0765488921631189,-0.19120585167041,-0.182909630990898,0.0749943655878004,-0.323541365680461,0.198281251800439,-0.115467299620467,-0.0944171393643216],[0.158407473152039,0.386665888840735,0.136032753860588,0.17413706902124,0.18741319608871,-0.0318383406447743,-0.213020876309898,-0.344465219840911,-0.0903670620271582,-0.00825710835699919,0.187707133727491,-0.151368543089338,-0.195364929076468,0.118448684864909,-0.0899574703858027],[0.149055011230509,0.33005130251462,-0.0194513224988715,-0.260577626112578,-0.15930861107375,-0.0992774203894357,-0.357897764188927,0.154725251927471,-0.204335182929746,0.153842198993809,-0.0414114997497923,-0.148061017082235,0.332030498311593,-0.269734539373031,-0.152873969680212],[0.0870531757482021,0.0144517527567212,0.0038497286985288,-0.21548639943915,-0.310751242767077,-0.141920645278361,-0.202865166692528,0.186483674258346,-0.326763681714518,0.0170881521333682,0.241688521491859,-0.140848622125678,0.103175728251313,0.376679084604964,-0.169484226078328],[0.169705548235512,-0.0429173855740015,-0.209975412566066,0.1904928121983,-0.15972920079985,-0.284180068358084,0.29372205674598,0.283989302490961,-0.0375030781467225,0.273288268355863,0.35214359490332,0.0506057574686414,0.0238982641320865,0.312045314716661,-0.220046567935905],[0.170139927060797,-0.311951251836224,0.349924421393353,0.0493569127415262,0.126973544568258,-0.325712217620909,0.0374651307913212,0.283434508409196,0.00729482939643902,0.135225955269065,-0.171834896710063,0.311116049338386,0.40484457973036,0.160384174340598,0.304882910270976],[0.131594996341208,0.298687417072842,-0.0690721613974418,-0.211178302280107,0.325943604956404,-0.182025091365708,-0.293142561939486,0.249921489726679,0.260581032036765,0.1612112204448,0.287579682997013,-0.25440281374231,0.0840590019677091,0.0319708515761939,0.214164373247728],[-0.082452668815974,-0.0142179624812693,0.176743112341,0.0216985740252711,-0.0225237943505304,0.143475343650104,-0.0708967167233641,0.0366731349946573,0.161641890182951,0.260059388794005,-0.358103071717462,0.288823424086665,0.348656148282877,0.146268273964238,0.235489703985292],[0.000642801756857136,-0.220812761774882,0.316840497827435,-0.0309271223321986,0.274034460516649,0.0246116662500539,-0.111858388372535,0.273936613513011,0.190051257089522,0.246894720933507,-0.0486955802294555,0.0301619734918868,0.16684772461328,0.243255086495633,0.223050822031987],[0.263829622230039,-0.22297322051307,0.193351739428533,-0.293200665484849,0.203602260920714,-0.24723340183095,0.0494700479354903,-0.0134425579099129,-0.185625199917045,-0.222064986391523,-0.225561426371161,-0.129095143267345,0.32577792733258,-0.295963307368449,0.020206959219758],[0.0659761040277813,0.236417559231532,0.302006419637705,-0.0127443129303078,0.131484097515075,-0.188510018180924,0.143946390246236,0.2107129813335,0.0786404486533374,0.2776256963879,-0.109949094865879,-0.0663850883832933,0.296480054249651,-0.216765674991438,-0.249658147765636],[0.190478267218593,0.0200297313652275,-0.01619880039499,-0.181036422304303,0.0675227007927873,0.226700375505241,0.341578313644609,0.0707503129938792,-0.224673751533975,0.307713350143516,0.034564276497925,-0.218931519745477,0.092859287497228,-0.178544334301281,-0.310114144500468],[0.109529656351153,-0.0941273477235298,-0.103790487521789,0.0222766429048558,-0.180351221005282,0.280838147841836,0.172221090331723,-0.00397079011801725,0.171282627769113,-0.113575878305256,-0.0981192031400626,-0.288613679937598,0.203286237640392,-0.310105606761822,0.0784739811291499],[0.16575933746152,0.187642741374487,-0.00886627395467189,0.10855489648633,0.0700642974186617,0.147061942856576,0.0979202216343138,-0.0198299365567503,0.118082571305504,0.167167637326245,-0.36403330777351,0.0293954890209813,0.0774405363465357,0.00363135107300767,0.15911988574237],[0.209722163665788,-0.356476119584185,-0.142525104746524,0.0127033891212002,-0.23057302379616,0.221911308605288,-0.228080205374208,0.0667773565374666,0.18152163900832,0.0638075098568301,0.244779510572722,-0.25425714579939,-0.367775527698609,-0.106410835595819,-0.208854312420201]],[[-0.221206363300794,0.0904446795292211,-0.183891459180619,0.226564567521741,-0.140700423724669,0.135212525566019,0.0285517920861859,-0.220412753755124,-0.274784396882091,0.123860790300625,-0.0276196953593134,-0.119276220098182,0.188069584311369,-0.237061507703309,0.300540667450013,-0.195146866865516,-0.106997196921577,