{"biases":[[-0.073732263202886,-0.39765026722999,0.0281821251653959,0.00845071504815868,0.129443413013073,0.0502892104054089,-0.200727143980511,-0.216770955707785,0.0668782085479106,0.16270019115701,-0.068142199807109,-0.346977343071992,-0.065917242200474,0.365987783477365,0.0228944233144426,-0.135155524763076,-0.0435534144068648,0.0,0.0796438650634448,0.287453021146038,-0.741237292383722,-0.130703813531406,-0.428892331266756,-0.113516886567851],[0.0349151287047188,0.00241747141520887,-0.0101297238440791,-0.0661793213343755,0.0172223415800589,0.174247699833025,0.356545297770817,0.0247244080977413,-0.0554100950885272,0.000244291772872939,0.0230051604501664,0.252544178643071,0.242422937354185,0.00853267038074245,0.0205652621655305,0.128698693869285],[0.0768569429141771,0.00788392007407623,0.0715402924691554,-0.0378479778536715,0.0972774609006657]],"weights":[[[0.114510491819582,0.230252187641162,0.319951231806939,0.0214753042626313,0.25794433216666,0.324630287995373,-0.342679188075593,-0.155750678118292,-0.35405380883357,-0.344819212049195,-0.247167753918613,0.347330772591265,-0.0742049706665957,0.263278363245514],[-0.183448709876722,-0.286240046022203,-0.759773448290733,0.540812132597431,-0.764765410735964,-0.56557065370738,-0.0773415510918456,0.178261980827055,0.347217474327954,-0.297887924561478,0.0818904812760947,0.524225277281198,-0.368977619369274,-0.0215196786643435],[-0.254757120939541,-0.0297214028685646,0.285563401728997,-0.21521440293541,-0.193967933029822,0.245202648841534,-0.346422889806213,-0.270819077020643,0.0416538841517324,-0.00791847016825013,-0.297944211320706,0.310095500482914,0.156488844233797,-0.36556282670664],[-0.340432970460911,-0.183707631295909,0.0868861156164064,-0.226088798342115,-0.137599478100785,0.236987635218185,-0.0386105419866757,0.247542923040816,0.105292163599724,-0.0801275412726307,-0.150944397455086,-0.193020441657329,-0.131015508923485,0.243485845272794],[-0.0300090439731685,0.332853254129025,0.325831002242501,0.280094886213604,-0.142297351644196,0.125695656771558,0.236349422348558,0.00629706490730873,-0.00571390589670073,-0.00306879759798807,0.258252721337184,-0.259937829066988,-0.159034620031187,0.12593662686767],[-0.134696910127724,0.0223945562726699,0.24124112406367,-0.179979630809597,0.00903993679480692,0.390136107278894,0.299478068998039,0.203307331785356,0.37700598868725,-0.277971796644258,-0.0588168808413402,-0.0732649209400124,0.291755072232277,0.203991451265456],[0.0796402710384928,0.141114117172731,0.358090974162177,-1.42575926040376,0.359071064617139,-0.0863244362959865,-0.0424196908625613,0.156045828389213,0.0530889868173661,-0.153682352132511,0.254457146873265,2.17084649060491,-0.0436308061882447,-0.284396303276081],[-0.137334129779508,-0.241774888328985,0.413676525747643,-1.49403675362995,0.291912054289739,-0.367949867889424,-0.187571950429705,0.373525233437537,-0.368892297959114,-0.0909549254061638,0.270437056240172,1.75813921678414,-0.0238656571246901,-0.110261833325488],[0.115735632190307,0.271819851364573,0.0644086272516757,-0.161726517545119,-0.139896673289251,-0.293353444178336,0.352561525062948,0.332015318711391,-0.0748159429686742,-0.33019777561696,0.00788744848906224,-0.18746161208139,-0.0997592738259988,0.238720081436662],[0.278500202535057,-0.206604551949762,0.129547814235414,1.00284526482025,-0.983797876618314,0.218083596173428,0.317130173794159,0.335824411796495,0.0854157899880003,-0.184319331354908,-0.124711152334314,0.260352661163394,-0.0856089842603356,0.0588856964287892],[-0.156976507764433,-0.253934245103658,0.0975578327226011,-0.41098076835226,0.0117596680232117,-0.0704053317162262,0.337802718672788,-0.218279254106269,0.287165093945067,-0.0210735394814484,0.275538394960216,-0.12338920319678,0.295800480855901,0.225597834303677],[-0.0653038283571076,-0.38053942399043,0.69279764818096,-1.81130652601581,1.01808283376143,-0.4402804161057,0.132978979973424,-0.240478824234361,0.258133599458385,-0.288007660808477,0.33356548754061,0.614914066636626,-0.774847783694405,-0.536964249248934],[0.148347517461321,-0.112183487811662,0.490645188363572,-1.68888013800808,1.61792206539917,-0.263461854121818,0.207404261081014,-0.21306189238572,0.361911157819887,0.00344848712675831,0.138330270322199,-2.00393546906829,-0.649343303042862,0.244562526210108],[0.656749041542614,-0.0803165184575275,-0.146268552373644,0.324300678625909,-0.872214965815529,0.248653220242376,-0.258299300682634,-0.330568047192484,-0.129382331068338,0.0377575091067716,0.278055464724444,-0.178528306282627,-0.0810350681607465,0.210004898016489],[-0.267331066748185,-0.0428348310545965,0.106482845130105,0.0877816794524478,0.157056746250874,-0.0812253414969885,0.129215571118361,0.124648854512965,-0.370330575052062,0.176204538995011,0.324966076376864,-0.332457959246318,0.0831163642858187,0.200136405628401],[-0.222762460814447,0.0786448610814712,-0.796126931029159,1.89227558386993,-1.01114011073037,-0.204543184953969,-0.232920241122681,0.298935474687079,-0.363852321300919,0.272580436901691,0.0816488792333732,0.902487186928397,0.296853391038117,-0.190267037554705],[0.322037635206977,-0.224755497842415,0.297002029273179,-0.341042064963,0.0621315812826522,0.270273480169168,0.0202756849527016,0.176740548475338,0.00746453456032165,-0.0652990248488134,0.219254866891128,-0.377389847378837,-0.35260224067634,0.116655510180077],[-0.203464130708381,-0.171673572778023,-0.29783984180818,-0.332530707442056,0.0333494680947258,-0.00663504534439224,0.285556945561274,0.374650032364366,-0.32570805711491,-0.333530894178936,-0.104803766979013,-0.240639385727499,0.260307712989369,-0.337997045315851],[0.300933307540475,-0.202339662127737,0.0509889622066509,-1.4217895989435,2.98936867265525,-0.269976291566873,-0.301552535653337,0.119256452034538,-0.347550816290873,0.00667190384573535,0.348144170177587,-3.9153315226571,-0.832259498467006,0.474856541452637],[0.439070066339939,-0.102423300978314,0.0123809786644769,0.0538414966194283,-0.421390147307996,0.556136740055701,-0.0250079578859083,-0.266171222633801,0.252238501154835,-0.0381284983593295,-0.357647976235993,-0.215135869842881,0.147797077337117,0.172937345280243],[-0.629594340219606,0.0899367384031387,-1.08791293070639,2.18732136567458,-1.83980887197923,0.0855413218486867,-0.26957382604625,0.110468474479552,0.0897893999528988,-0.337843871959635,0.0969348307925003,0.872297461223699,0.0251541618907278,-0.711824927180273],[0.058986706405879,-0.247328802190999,-0.73623721316552,1.30959738232194,-0.549722367772975,-0.018617424874275,0.26338184445931,0.270833618150847,-0.108641219441343,0.242825674607038,0.34679801583821,0.583281130668438,-0.063144934809508,0.10674808844686],[-0.517192905620721,-0.0150518492468112,-1.78521646003739,3.02495178453506,-3.8746427077469,-0.405175891307914,0.0610461298462624,0.0196671190112167,0.067262135544479,0.0511589779771552,0.280277994606295,-1.25168474067102,-0.178918416819338,-0.272326036984271],[0.0982910650968955,0.167654249593943,-0.0662829268896457,0.802599091410397,-1.16071787232682,-0.120047637928034,0.00182576957656323,-0.159333380359885,0.338721771447667,0.241332655764164,0.0779643383710864,0.8452377424949,0.406676596245844,0.12855337546135]],[[0.320399681682992,-0.184847508017918,0.162678128976686,0.269365059814862,-0.0397664520763655,-0.276753174907252,-0.175446758572481,0.0211445712018901,0.00593532992714817,0.220399028180891,0.026180070818735,0.111903882577935,-0.132088731271247,0.0682184212493143,-0.223162133233147,0.03520539325993,0.115534996392262,-0.252354004315468,-0.245634902470571,0.0377209746662839,-0.215679310935937,-0.0161932544315989,0.214534415501038,-0.222170920216489],[-0.13721526748732,0.233401653924678,-0.149338535190611,-0.266788718385768,-0.101091247191876,-0.212412459774947,0.312916089977744,0.0599747165601814,0.165845114195936,-0.0207079232924173,-0.0450161054902041,0.231622977434925,-0.256231837838541,-0.1640822484618,-0.130364074832136,0.215292994966569,0.222503655067145,0.209611889918721,-0.104466732643102,-0.223492936348804,