{"W1":[[nan,nan,nan,nan,nan,nan,nan,nan,nan,nan,nan],[nan,nan,nan,nan,nan,nan,nan,nan,nan,nan,nan],[nan,nan,nan,nan,nan,nan,nan,nan,nan,nan,nan],[nan,nan,nan,nan,nan,nan,nan,nan,nan,nan,nan],[nan,nan,nan,nan,nan,nan,nan,nan,nan,nan,nan],[nan,nan,nan,nan,nan,nan,nan,nan,nan,nan,nan],[nan,nan,nan,nan,nan,nan,nan,nan,nan,nan,nan],[nan,nan,nan,nan,nan,nan,nan,nan,nan,nan,nan],[nan,nan,nan,nan,nan,nan,nan,nan,nan,nan,nan],[nan,nan,nan,nan,nan,nan,nan,nan,nan,nan,nan],[nan,nan,nan,nan,nan,nan,nan,nan,nan,nan,nan],[nan,nan,nan,nan,nan,nan,nan,nan,nan,nan,nan],[nan,nan,nan,nan,nan,nan,nan,nan,nan,nan,nan],[nan,nan,nan,nan,nan,nan,nan,nan,nan,nan,nan],[nan,nan,nan,nan,nan,nan,nan,nan,nan,nan,nan],[nan,nan,nan,nan,nan,nan,nan,nan,nan,nan,nan]],"W_actor":[[nan,nan,nan,nan,nan,nan,nan,nan,nan,nan,nan,nan,nan,nan,nan,nan],[nan,nan,nan,nan,nan,nan,nan,nan,nan,nan,nan,nan,nan,nan,nan,nan],[nan,nan,nan,nan,nan,nan,nan,nan,nan,nan,nan,nan,nan,nan,nan,nan],[-0.0996637796975932,-0.283310267144724,-0.185508838168821,0.0512483121737874,0.564104634708018,-0.304910130671418,0.386760207235689,-0.228007134941112,-0.145470719673907,0.42456970754331,0.246535533873866,0.279202944405121,0.331914312633449,0.0123636724703628,-0.173806181810484,0.140790883533788]],"W_critic":[[-0.30275566587748,-0.198135472316775,-405593435072.831,0.00322161591061804,-1403968953337.48,-73117927206.2446,-842319821629.928,0.0619617068804794,0.20724390066857,-1099621946990.81,-0.217749545486895,-0.188118646671475,0.099814042929336,-0.348001236925659,-6645459499.58104,-0.0579621799053952]],"b1":[nan,nan,nan,nan,nan,nan,nan,nan,nan,nan,nan,nan,nan,nan,nan,nan],"b_actor":[nan,nan,nan,-7128.02929265103],"b_critic":[-44426.1895509001]}