{"biases":[[0.0,0.0000254084290146312,0.000910296462703516,0.0,0.0,-0.00132507679897649,-0.00951361384106828,-0.0590575276033161,0.0158619921950682,0.0276678677559638,-0.0296411344963302,0.0,0.0186284941948622,0.0,-0.00916606377470569,0.00603543718677717,-0.00773015678119434,-0.00141235470869082,0.0266785914457498,-0.00367267762343296,0.0,0.086054259203491,0.0,0.0102195290173364],[-0.014719667957312,0.0378637624869181,0.00021915203631017,-0.00336341616313881,-0.00787042419012111,0.0,0.0293243187356804,0.00095208751315861,-0.0598827046115961,-0.0229902948445243,-0.00025617203002969,-0.047671198318641,-0.0000132622265858786,-0.00659225386737512,0.0,-0.0195639316681062],[-0.0201210065532378,0.00588745744271789,0.06486765031589,0.00157260110317839,-0.000131977876713196]],"weights":[[[-0.163852062536253,-0.151661378517107,-0.204059608798534,-0.188703219675751,0.142570563734623,-0.30602024804113,-0.169022415067266,-0.258012544274888,-0.286449178267449,0.00337840781861476,-0.23574003305782,-0.366336219995747],[0.348176809174518,0.15840681191931,-0.366009563272623,-0.272368484404966,-0.187365583695135,0.0164074072200359,-0.100292401154899,0.282782129525813,-0.197081302641655,-0.331217389128498,-0.230462868320292,-0.198207144513603],[-0.0922932516936094,-0.152225108731858,0.267376103846618,-0.056081750391428,-0.384546461408099,-0.157196959569147,0.11969617928735,0.0187409243723713,0.413194355654648,0.122197563515654,-0.301254654807508,0.228809249460378],[-0.047210114666883,0.235048950673801,-0.394038082408812,-0.319785511856825,0.12046353476588,-0.165142760751557,-0.114025289947624,-0.245066891065212,0.240554544017773,-0.0684731351665159,-0.400541232997445,-0.405706483540618],[-0.0824514334012531,-0.245815641868387,-0.397436735798892,-0.310759971933095,-0.237603797681236,0.170860683690627,-0.0654536478262317,-0.294102445908206,0.231354753033122,0.0198636078265771,-0.105704289087921,-0.171354926664439],[0.377620848267248,-0.337149777117798,-0.246815755714579,0.0892138246731703,0.299827998581978,0.274245605699366,0.155679595201551,0.287944051982867,0.335278305020543,0.230634337798398,0.369944481490321,-0.140689593526251],[0.0708434870407319,-0.0595437718512064,-0.16087301993008,-0.329779177030675,-0.104033343151549,-0.377390789541049,0.0645412723191972,0.303481604845118,0.185166803490047,-0.161301905219703,0.184464698959668,-0.0872512951450897],[0.242662958155873,-0.0973505895061564,0.281318952471896,0.0903668205409455,-0.0792258446294853,-0.19681748253851,0.342465509471143,-0.3701131143251,0.00804330681709558,-0.378356259589358,-0.081493343568444,0.322835681126044],[-0.107003405602671,0.284378079086594,0.374832527409646,-0.133063840597256,0.0415170199436267,0.151897496960135,-0.380866273126243,0.0107428611896968,-0.15878329251845,0.162884405108916,-0.176203631512873,-0.190038841848251],[0.265345224757982,-0.324109628614064,-0.252481477032386,-0.037048812928167,-0.358338379089005,-0.0228052184776032,-0.226900349977523,-0.39031999167378,-0.311586661288031,0.357639277510959,0.0947901987209814,-0.00901949042648847],[-0.324376135116682,-0.364879726027755,0.347197534728091,0.217296031303686,-0.29345001228744,-0.294741912654489,0.39820144821056,0.169403175996716,-0.140649080722048,-0.293278747083755,0.352780382445966,-0.164855753630167],[-0.0310026176594505,0.22493054992054,0.0485694744671816,-0.400368634928027,-0.0132453614493832,-0.0196067879576557,-0.171129870139132,-0.306403785570695,0.0627410548412721,-0.00830827161070985,-0.0473605759118604,-0.150843907970192],[-0.380412569080643,0.104698169110981,0.0117220329160719,0.07913471992916,-0.0873718176563798,-0.0982328147142305,0.333203163824953,-0.0146499950670228,0.321600178543524,-0.16908702077347,0.369641333698586,0.259441990621097],[0.106994645246806,0.0747829845781143,-0.348970648862076,-0.327544110770654,-0.294801646283005,0.24766247161256,-0.399200744304636,-0.184081838808533,0.0388227382011515,-0.206344792187111,-0.348580198653674,-0.138290108140283],[-0.387327035108453,-0.131388358191742,0.35957819801799,-0.0602004732720551,-0.384428731421424,0.193808511059243,0.0228844288771139,0.29588897531997,0.0565764479322766,-0.322447485552349,-0.312828223723468,-0.0589165741753468],[0.194708852079021,-0.0781018064093153,-0.0506587441046744,-0.107882214292237,-0.0974088560604701,-0.186343590725225,0.267813175191091,-0.387254152882795,0.329887966323013,0.373696854910268,-0.212860619290098,0.263431759031987],[0.25605370096691,-0.346075104126807,-0.389851100517561,-0.0191425516865586,0.093349283008645,0.170118843314456,-0.143963775993833,0.0898970787802929,0.117907403332153,-0.320089172707592,0.116537374726492,0.206583800194961],[0.0908643459610409,0.00829412686971274,0.0929453572668953,0.367916048776997,-0.105994617104792,-0.33502144341346,0.189198300881944,-0.106139146971189,0.00264176275022036,-0.0585999780022127,-0.132540066675091,-0.051912720406295],[-0.22455077461143,0.0792457432623163,-0.275817596825349,-0.220249584104821,0.409519713356174,0.0525898267625291,0.368327561944811,-0.144776942746051,-0.298641790051983,0.381230655573461,0.386358484923894,-0.068804647534179],[0.394134071907588,0.14990662171535,-0.0969796592847405,0.323301203369772,-0.238342912963746,-0.386017240168056,0.297790523270486,-0.293451720725315,0.355122758613171,0.400275136292341,-0.314618519804048,-0.295893212914316],[-0.248965812681603,-0.231382042015449,-0.25082581240115,-0.370897903961018,0.13777913530064,-0.186121095552172,0.182692816765521,0.0361120680092383,0.189142627741056,0.0746829966229718,0.0695308062571008,-0.0316209449873081],[0.182657108312286,0.16791042005051,-0.20073504599654,0.312428002330454,-0.0450970293178489,-0.0935742353496321,0.308583858080573,0.223449412442315,0.439164312996364,0.402274049468223,0.410745766742563,-0.330822641680363],[-0.0714348381334528,-0.219579013706587,-0.170053445030318,-0.0704823218551248,-0.129650574885577,-0.0212799571956526,0.226579967080427,0.251556067874912,-0.0884170320668017,-0.161540828562764,-0.139502842066155,-0.366468814738407],[0.0729858460972134,0.325296282227021,0.13827503176431,0.239865349654838,-0.0075796961745574,-0.317495512467194,-0.132889287354264,0.0244818604571604,-0.0885707307702487,0.298473867906896,0.312359364452035,0.200328495786739]],[[0.198795989250611,-0.233199841791394,-0.0408107271514881,0.00963608665184035,-0.0299020833516473,0.147560467054977,0.224662740102001,0.0901063849318437,0.194590459363861,0.199635571013403,0.0967336334412963,-0.138019073301001,0.211326076737849,-0.208551030726525,-0.0511971080667816,0.24352716338472,-0.0376984988650726,0.186855561913175,-0.0392993055672188,0.0553579585907361,0.0519986062177621,-0.191838571821935,0.232642989878383,0.213716736027728],[-0.091552770848266,-0.0766048474000648,0.145476088507046,-0.261645335662034,0.00759335795839527,-0.107859862287765,-0.0615964118073149,-0.247123852848279,0.224625314527123,-0.196422396860651,-0.13752859026611,-0.10928210552087,0.223752904573716,0.0164387396787503,0.202754263867065,0.184178509910466,0.0386732861770282,-0.163834812314891,0.0866586678379985,-0.100500332806802,0.167501070355927,0.102544927537147,-0.151654718322024,0.249780789353348],[-0.0922469928131158,0.0358661142265741,0.271042957375543,0.273876475111907,0.191913312938792,-0.182038141346332,0.109266762978645,0.127614958281756,0.116527388785136,0.201245963699065,-0.0880388916568917,0.24888579627646,-0.271090113725388,-0.0756792308483104,-0.173194291052764,-0.250030609641949,0.22550813018784,0.00439485729103598,0.190477238648911,0.0206225859747348,-0.114104883274282,-0.0978558912052156,-0.126621037766261,-0.161187307435378],[-0.116609842609128,0.0881120101740338,0.20474417724144,-0.0335535516693997,0.0739455728236937,-0.0918482947074702,0.165363548558671,-0.0849690703342505,0.13562042321259,0.0240439990038915,0.279538841815346,-0.26942941072252,0.204751035688418,0.0175249322230854,-0.228459870338046,0.00170525070513657,0.136872434356714,0.211259257398228,0.142968764059408,-0.0199931461180231,-0.25611747466239,-0.236412925728429,