{"biases":[[-0.0255492433874576,0.0,0.00333529479008459,-0.000452887826382724,0.00170393730988062,0.00502981704743759,0.0,-0.00552256230885,-0.0015992429429398,-0.00865683240430904,-0.00295922604250904,0.0153406449798703,-0.00608432672013997,-0.0074279796275317,0.000749223942076932,-0.00120329943054466,0.0302384547609115,0.000451354278893359,-0.00851132064136013,0.0,0.00263441829938942,0.0,0.00425290453475095,0.0287811908927158],[0.00493186870815265,-0.000607069296965118,-0.0409788097308014,0.0,-0.0369070599362386,0.0403194233825493,0.0,0.00867590518474999,-0.00908331518462098,0.0115425751493997,0.0455674940864844,0.0,0.00150967365304281,-0.0568952643740054,0.0133277737983045,0.0309008230216253],[0.0859797132187406,-0.220774427259212,0.0394517266965925,-0.00209070893577488]],"weights":[[[0.121904655337286,0.194255542370207,-0.0261016317185132,0.0425988245678901,0.146530707744653,0.144356867809045,0.114844513382601,-0.130712062885241,-0.0959415472199037,0.0203192012925531,-0.0936184710794665,0.179380570960994,0.245253622671449,-0.294051080393671,-0.250000858883902],[-0.0479605965363167,-0.204537992928782,-0.135497810659645,-0.0934558987447139,0.15918418213832,-0.317192097194235,-0.0450527836632844,-0.0887179690411951,-0.0598327938129241,-0.0355201922849668,-0.193168775232122,-0.119865698231466,-0.175159511732042,0.323972239305528,-0.210725098589395],[-0.305332119696794,-0.282857881559032,-0.177285369911873,0.068671358949168,-0.140701615404548,-0.241635413200971,0.240113861649503,0.0280075615659481,-0.125370774864293,-0.0524832556510771,0.212509964764357,0.0457885373166787,-0.168203955565802,0.300186701935821,0.2232633011346],[-0.148294058732488,0.136082376600745,0.131626638028247,0.227292015983595,0.044663725987115,0.0925493924715415,0.346193670387999,0.28994767110289,0.139754926178967,-0.102193520315994,-0.349069707545526,-0.310172069490687,-0.3672355593092,0.191087151240129,0.0107847013045174],[0.333388059034546,-0.0413972856716393,0.168584465016801,0.0809244301103849,-0.174248651351188,0.349635020989962,0.0580573608838598,-0.105734831733609,-0.288446115965257,-0.194959316174723,-0.335510521232981,-0.351170479330774,0.248002274478589,0.145157777773933,0.31778252569813],[0.302652484468156,0.309954727254821,0.325901449752556,0.0903542427828686,0.108798299960568,-0.332489858180289,-0.242138925462595,-0.178936681477811,-0.129694117089359,0.138626927246095,0.158048932380898,-0.0244839869572333,0.0490417333829522,0.267265059684284,-0.142101847381842],[0.0346153564785185,-0.00144914956744008,0.164500667921556,-0.353539095090947,0.154219567308991,-0.253758090119793,0.307861842311308,-0.196463756465913,0.23241596929158,-0.308684613907666,-0.234865960107707,-0.365004642582805,0.0753041965274971,-0.166513788431657,0.187508951714126],[0.00120113992783989,0.0791015300623369,0.259607838826318,0.283595164185296,0.171598677505204,-0.118726078422404,-0.362071696925488,-0.132543668593718,0.0899721252802848,0.36387804509696,0.167696853939435,0.232850486196735,-0.172101026993962,-0.175846590238396,0.0551042273729532],[0.224312230611645,-0.242766152867157,-0.128812670851405,-0.075301460590868,-0.149792786724964,-0.236803710172056,0.144468735852019,-0.0934557713376822,0.145804665390892,0.0380370305540413,-0.131401642793631,-0.277246910194443,0.342723655616191,0.066835505347597,0.205001239196426],[0.146968865389323,0.230886820795554,-0.0347414478483552,0.299908986543821,0.255605315648908,-0.0661306574935955,0.0487354275291891,0.281610862950692,-0.331133783254,-0.313192377294549,0.0629502235712465,-0.18128732370782,-0.148651074524152,-0.202907579620365,-0.0628681388707434],[0.095697161999088,0.0790439725614003,0.237730707252307,-0.160832437529833,0.0967634200259115,0.315632980491848,-0.28523917047442,0.130257094198861,-0.238658972137697,0.172866793678421,0.0498369331857304,-0.177663972740132,-0.319138209759403,-0.290075042657154,0.307226249070885],[-0.340374296986317,0.207617089507138,-0.139964573258556,-0.281965235783021,0.224775459716738,-0.300195090029769,-0.0744185009405579,0.0977229749900635,-0.287768988793369,0.3589522004934,0.304138383961138,0.241684469063143,0.284095042816616,-0.242171887615019,0.175356779576337],[0.325826413811202,0.159308998753533,-0.015648422375251,0.0318642645346707,-0.257413324351617,0.175606692872329,-0.0918092250818679,0.113541749599341,0.127808126670882,-0.278975306519197,0.205016701314075,0.356394404790402,-0.0274793774214499,0.306015046746849,-0.356185965289974],[0.103848360944633,-0.032414816094054,-0.0257426659184139,-0.159196735215207,0.295222470846095,-0.0599343478371931,-0.166421454129461,-0.188183021383581,-0.147015427883122,-0.0530510563285504,-0.0125920197904277,0.0464344315884269,0.329446276241701,-0.226853766171094,0.20817157379532],[0.0455384708656999,-0.161198471382545,0.196516699890775,-0.0739168543160274,0.115192703069403,-0.0211484204251458,0.0971777253532721,0.363163424022204,-0.237196150895414,-0.00689562849118236,0.301405597694643,-0.31936373500501,-0.165099708719923,0.0135881431737133,0.170925134563632],[-0.248426957047257,0.356582334553088,-0.19112822238972,0.311317760475975,-0.276767570250553,-0.174777418325596,0.283836527989625,-0.280645727023353,0.236493102514187,-0.304503970365132,0.0116250621362413,-0.268950021888473,0.231722499843656,0.191927560535999,-0.279113197233511],[-0.280741161864202,0.3846409006458,-0.0947112061255775,0.107906065563128,0.208907514603981,-0.0890121207654384,-0.266616117561199,-0.0991566297270965,0.17692362705673,0.313454427969346,0.0467236064341315,-0.209173036738901,0.373071860314537,-0.0677551622540065,-0.203333676921326],[0.0496442407456411,0.325232824378225,0.0646590730566216,0.238047878943445,0.245045946517451,0.103177469605611,-0.211668118474397,0.0781872968133628,-0.185026973487954,0.124905308267392,0.0204316605034137,-0.272301716257725,-0.279475637541162,-0.284239662345045,-0.195327356629188],[-0.0888066202990239,0.181667519286276,0.282004086261193,0.0336994736774016,0.286541628306278,0.0694857137026598,0.337693197366892,0.101108781870095,-0.327467871208776,0.0735533685595865,-0.25906273489336,-0.212014892004333,-0.282817459752462,-0.054940415596465,0.159941419652768],[0.309540807396877,-0.29221493996921,-0.339490981846861,-0.123944468068557,0.187260040425629,0.0751931735289227,-0.0226578758207589,0.321647948056712,-0.282805691934983,0.0739719881856385,-0.0427320893775611,0.201179839488068,-0.332194302702782,-0.223703525742446,-0.229142377945827],[-0.00104283779838936,0.283388187229719,0.0769401989780737,-0.254822564188165,-0.33794252496811,0.148142274821696,-0.00264825004363363,-0.0162909319135122,0.206101204910892,0.225161796930422,0.265486561405515,0.34415753371658,-0.0206563602291714,0.0984687415050499,0.265112208980615],[0.119498577171622,-0.332591376687275,-0.239544079656881,0.301439852573366,0.260333994634036,0.180259002836723,0.00439227240680273,-0.171600560149768,0.297307641694363,0.353955425472906,-0.0740666033341029,-0.281666552331016,0.0465375944844613,-0.309949700371329,-0.00244837635117051],[-0.328984347513063,0.100832912515527,-0.260077432767082,0.0789451071474445,0.111597304694862,-0.340283728555085,0.0353281308152822,0.149245780562975,0.265001935691374,0.110686382634942,0.294120548764154,-0.265099797923782,-0.328705940728321,0.096782075576341,0.326207926187096],[-0.21654093175963,0.147743312429483,-0.0699674805427882,-0.281357068074064,0.35750961514871,-0.112961258307566,-0.244817812414441,0.15660928154802,0.108567389060283,-0.0242288105309981,0.118894233266273,0.19178119039242,-0.333801068648811,0.132754196991049,0.249699139547182]],[[-0.0265625774451595,0.285423737779788,0.090766574400167,-0.147700402496881,0.0794580231531772,-0.273841981171432,-0.0325630990029429,-0.00671842864751942,0.121681036308017,0.212438114052689,-0.0344833767926952,-0.124780065741274,0.0239970553612339,0.129107414156841,-0.201265529937842,-0.08466573877021,-0.120943346457403,0.0824859514503486,0.186498258064872,-0.10298536857604,0.126220140427843,0.122067745464823,-0.116898070318936,