{"biases":[[-0.00198630575290228,-0.00262626862729406,0.00218654230194687,0.139871525101035,-0.0221622731078408,-0.0163357521063051,-0.0538756013217829,0.00724300690383936,0.00252531980758637,-0.0424297478070668,-0.0100224756415665,-0.0330471477230799,-0.0585689687079761,0.011081786721748,0.0476810073941502,-0.00243580672033472,-0.0489631818522936,-0.0138445368042758,-0.0471483848534722,-0.00449817265073968,-0.118590383325625,0.157145295989464,0.00877716533099442,-0.0339748944617756],[-0.0762297096108752,-0.0731447573516613,0.142396253002253,-0.00594823754804931,0.0864601034662072,-0.021402954135308,-0.00940535631887512,-0.0983691433349707,0.0012941894849456,-0.00577656682241668,-0.00821610380676155,-0.00960331830388052,-0.0685863771774735,-0.0232869010405251,-0.0310372106748673,-0.0444365277372444],[-0.290429725989739,-0.262478256956567,0.258676189625466,-0.241053124015357,-0.0395616401389032]],"weights":[[[-0.312381720743216,-0.249819395692713,0.143775710880485,-0.115664498736754,-0.0606531518707918,-0.248846913893059,0.0220650981490619,-0.207241222399913,-0.283115870763934,-0.116259550251965,0.0143952371345174,-0.336664984168166,-0.0366845761775996,-0.0148834972103174],[-0.135308062464135,-0.0265661903452956,0.106534783304589,0.213318686569552,0.0789068216687585,0.352790174107299,-0.206988087682598,0.0712352744098527,0.249542837739146,-0.310202701698445,-0.0306559325767653,0.249915800147662,-0.0521403124719094,0.300476570088962],[-0.294133485597226,-0.117358649706224,-0.0862396386842051,0.263330095262214,0.159605878095557,0.326975593416851,-0.133210651252535,0.0886900650395639,-0.325568668525128,-0.179882367035007,-0.0565166613514629,0.105417161211352,0.342775998499296,-0.310247342139848],[-0.140280349904991,-0.163758408635833,-0.0943322435531962,-0.0766967299511913,-0.232037083730703,-0.295550610945901,-0.0267722344329098,-0.397038962062792,0.230008135068496,0.223882472878512,0.263366857256011,-0.545683896302473,0.290336481285528,0.243892442252761],[0.188045941223668,0.271724209456471,0.0681336757091974,0.290503162380714,0.201982579179665,0.249343919146708,-0.332517648253637,0.147752038228814,0.199558362497596,0.0200740997567155,0.383353844833157,-0.214511404677886,-0.0700091113650031,-0.0141618457589202],[0.228397592238033,-0.151887288991851,0.108458615152572,0.00818481547144045,0.0977714176599566,0.340477767436757,-0.0821229522371707,0.280248579050007,-0.0779340566785541,-0.169299279296123,-0.213599043409407,-0.190077048334393,-0.258319096078371,0.057600600332902],[-0.097666942137309,0.279149030082844,-0.19434200854554,0.261684400372463,0.145974906007779,-0.310217578397694,0.159068086214076,-0.32508807309127,-0.278868575811003,-0.0817771100862692,0.226868395078376,0.480306081225629,0.180557758918335,0.248302700330408],[-0.373915969161264,0.189994971568069,-0.282350340531887,-0.0347271876032085,-0.0889454650901547,-0.133180760747638,-0.249531265407696,-0.257351062466881,0.0198977297011834,0.172404617003757,-0.315602319069242,-0.0430368278245509,-0.115377876923412,-0.129823589079018],[-0.306246963869957,0.29499188767727,0.125113728521029,0.372289298039621,0.150556643231727,-0.2339072438653,-0.0643614341809608,0.133690628679471,-0.100570789298759,-0.0438374665697348,-0.0940988653248254,-0.317622366811143,0.116679268948847,0.0377417236853686],[-0.240858991350672,0.154624346190455,-0.0377476171726457,-0.151578845819031,0.303629310589132,-0.094655176861966,-0.227404039123714,0.0414228311702555,0.372544045796368,0.376061660729588,0.241217999605643,-0.0137512480727811,0.168206800990675,-0.00120524468880532],[-0.0038526269153062,0.00684912078883445,0.0256745934762313,0.276437450400425,0.344649807146467,0.366979983212425,-0.353219380104555,-0.294361430952928,-0.250479677088883,0.177327861170914,-0.0540334253002602,-0.30820263659781,-0.00810113231857597,0.142390756688556],[-0.267699262482781,0.178637337111729,0.121147173561367,0.0437890311930148,-0.219076185467201,-0.196812943123369,-0.257804285771043,-0.0354568447456667,0.157693992632538,-0.0332155865417319,0.303197212015039,-0.159047396508668,-0.024560369296053,0.169298884401466],[-0.262301207406936,0.257426301178638,-0.0929019208918154,0.303192261077687,0.110153800496538,-0.240851067452255,-0.35844661299032,-0.0153999526984772,0.258770807880649,-0.312005172725042,0.469571112401524,0.894092999101799,0.315420917355772,0.260389972822679],[-0.190661323437616,0.117411616746618,-0.0938227155265893,-0.0797907538256333,0.211777950853376,0.278868709666568,0.342599612073331,-0.00425340878516243,0.362623552469814,-0.372456015904351,0.129284500173921,-0.00821554877791418,-0.221657628822966,-0.245340957474838],[0.39976607352421,-0.106152304532752,-0.325140405908185,0.344961201610894,-0.0176540005177523,-0.26224953402076,0.261997298163756,-0.00278287617897074,0.357501362461078,0.256040791253352,-0.324874656416996,-0.35766110417175,0.120367582111502,-0.25178913442977],[-0.313098086898116,-0.273051981968475,0.0276990714037068,0.235035376729467,-0.116633915063356,-0.108206511615129,-0.193580203123927,0.360087674538778,0.311500418382427,0.308918879789685,0.0887387926454567,0.0395303509274442,-0.126652177918544,-0.373793013837007],[0.151170359245258,-0.251089302564048,0.339885760165803,0.193301769498622,0.225562434714096,0.341731566980325,0.29535571868155,0.217624957123406,-0.354365940408937,0.0189425016453216,0.000647384384167607,0.178363264503029,0.227757974379355,0.157806307407356],[-0.307093302966803,-0.351098241479586,-0.112445416095793,0.10833123636544,0.16015795343147,0.122922699380095,0.299759095002949,0.0907571108521893,0.211476235704063,0.0185216484389635,-0.316841778113981,-0.114442582947144,0.304675240515104,-0.129434533686637],[0.0414199714102696,-0.267435502481125,0.332970609819344,0.00933422337841694,-0.069214643386003,0.265690344967069,-0.202335637129407,-0.209003293286906,0.176372549246531,0.179737776098361,-0.334971005798854,0.196811615033726,-0.225956455296695,0.285582356915059],[0.0493836568290216,0.0340703471092687,0.0474423273680194,-0.160858575963884,0.213478548443332,0.220841736683331,0.144004199499829,-0.145748361934963,-0.160779748189072,-0.261121692092925,-0.172872745296188,0.0190455584592532,-0.155472178838828,-0.235087669088711],[0.269984677301262,0.231166911008026,0.0763299091464034,0.304398841741674,-0.00346886869126391,-0.32809034505012,-0.00798985202652366,0.0568494449224482,0.101054246665897,-0.23694270228011,0.201884687632192,0.360329213342959,0.0774141787070948,0.115090784191304],[-0.0664824926972253,-0.0574937263403051,-0.232908399781451,0.168092761214869,-0.245112340529488,-0.337113610256371,0.167588734255464,-0.0559737226001386,0.266813971523969,-0.0434740935407093,-0.254859236872516,-0.550242103473732,0.109868529894389,0.35243479217111],[-0.087814229936454,-0.104211758489025,-0.310105762701065,0.164394751086704,0.141004451298747,-0.0410768171604721,-0.313559841573339,-0.342556864254784,-0.0270742986713277,0.10770240545596,-0.291802286505361,0.0161736426109718,0.118845436104884,0.00302792642055388],[0.288148908846485,0.0162380328611074,-0.281880346134874,-0.109419783164295,0.319167206916573,-0.390616261887101,-0.179664157127027,-0.35046255241001,0.165417732130093,0.331393873643114,0.198249355802182,0.606224520939544,-0.0240378897314007,0.0906556241931971]],[[-0.221289193996428,0.212434562214194,-0.224215196575191,-0.176979234952293,0.0561238650122391,-0.10259763399563,0.0495201198420572,-0.0519204122668913,0.219201673008499,0.156826069355654,0.190534496721769,0.256688947017821,-0.301608173845036,-0.115829062863586,0.175346855330626,-0.266308418202688,-0.123242547015568,0.150660219823767,-0.191875932476468,0.00989985553455689,-0.016459805484994,0.123270251551886,0.276267371000776,-0.14835132929991],[0.19299367988221,0.147878237337699,-0.101631248120777,-0.323908041050336,-0.0524601341657187,-0.161569532608848,0.289092107465455,-0.0487267733448504,-0.143001546264624,-0.0105759241934115,-0.178365026020524,-0.204816090032071,0.518614680372436,-0.281785172855311,-0.0924962284878875,