{"biases":[[0.0,-0.0000458717904160312,0.0644398269982397,0.0,0.0,-0.0219156941410324,-0.00951361384106828,-0.0953616746416203,0.00809062726914102,-0.00498730127884975,-0.0296411344963302,0.0,0.0767127406392076,0.0,-0.00916606377470569,0.00174986851967961,-0.00323399421053054,-0.0477022445366277,0.0301773191820889,0.0445077575577378,0.0,0.112665301862719,0.0,0.0677566679278898],[-0.0118854997060315,0.041886515963661,0.000219152036310178,-0.00178387425659322,-0.00787042419012111,0.0,0.0240352838301369,0.000952087513158617,-0.0593422695298466,-0.0229902948445243,-0.000256172030029698,0.17148493209233,0.000060306058422377,-0.0156381742715253,0.0,-0.0327980206234847],[-0.0229136973372384,-0.0329612113525441,0.0752264478450127,0.0037925379511737,-0.00239865463484837]],"weights":[[[-0.163852062536253,-0.151661378517107,-0.204059608798534,-0.188703219675751,0.142570563734623,-0.30602024804113,-0.169022415067266,-0.258012544274888,-0.286449178267449,0.00337840781861476,-0.23574003305782,-0.366336219995747],[0.348105528955087,0.158378299831538,-0.366055806314979,-0.272393655232452,-0.187365583695135,0.0164074072200359,-0.100292401154899,0.282782129525813,-0.197081302641655,-0.331217389128498,-0.230462868320292,-0.198207144513603],[-0.0357621260083097,-0.126813296517644,0.275400658535753,-0.00961705469760628,-0.394170057259864,-0.154110877974422,0.11969617928735,0.0200775526760352,0.422256981406863,0.157821738685396,-0.281162577650222,0.291106391280709],[-0.047210114666883,0.235048950673801,-0.394038082408812,-0.319785511856825,0.12046353476588,-0.165142760751557,-0.114025289947624,-0.245066891065212,0.240554544017773,-0.0684731351665159,-0.400541232997445,-0.405706483540618],[-0.0824514334012531,-0.245815641868387,-0.397436735798892,-0.310759971933095,-0.237603797681236,0.170860683690627,-0.0654536478262317,-0.294102445908206,0.231354753033122,0.0198636078265771,-0.105704289087921,-0.171354926664439],[0.355442288195247,-0.345386024054619,-0.249239465736992,0.0738231790300181,0.303914703654421,0.274696475705183,0.155679595201551,0.288178872488047,0.337075145851995,0.220776594282506,0.366160032027487,-0.160253504599051],[0.0708434870407319,-0.0595437718512064,-0.16087301993008,-0.329779177030675,-0.104033343151549,-0.377390789541049,0.0645412723191972,0.303481604845118,0.185166803490047,-0.161301905219703,0.184464698959668,-0.0872512951450897],[0.206396778065522,-0.111872248321478,0.274958333509633,0.0634794317645744,-0.0728075750024881,-0.19681748253851,0.342465509471143,-0.3701131143251,0.00804330681709558,-0.402181498313079,-0.0900401395845396,0.288015281335294],[-0.114742504989432,0.281269533116223,0.370804486072776,-0.139520361153033,0.0430914149922792,0.154492439514429,-0.380866273126243,0.0108167043451887,-0.158617285068713,0.154286475273763,-0.178059652433858,-0.198223480398695],[0.230733956815698,-0.337171696227991,-0.257732627690767,-0.0609527352081445,-0.352640255683155,-0.0238582349259766,-0.226900349977523,-0.39031999167378,-0.311586661288031,0.337575643241735,0.0880282007302953,-0.0402729073910897],[-0.324376135116682,-0.364879726027755,0.347197534728091,0.217296031303686,-0.29345001228744,-0.294741912654489,0.39820144821056,0.169403175996716,-0.140649080722048,-0.293278747083755,0.352780382445966,-0.164855753630167],[-0.0310026176594505,0.22493054992054,0.0485694744671816,-0.400368634928027,-0.0132453614493832,-0.0196067879576557,-0.171129870139132,-0.306403785570695,0.0627410548412721,-0.00830827161070985,-0.0473605759118604,-0.150843907970192],[-0.330634153648637,0.127931867688719,0.0171388300943756,0.122202678452784,-0.0959868592512342,-0.0965459553356962,0.333203163824953,-0.0130459440385358,0.332086323629226,-0.138302250300142,0.389506926387176,0.317515266229589],[0.106994645246806,0.0747829845781143,-0.348970648862076,-0.327544110770654,-0.294801646283005,0.24766247161256,-0.399200744304636,-0.184081838808533,0.0388227382011515,-0.206344792187111,-0.348580198653674,-0.138290108140283],[-0.387327035108453,-0.131388358191742,0.35957819801799,-0.0602004732720551,-0.384428731421424,0.193808511059243,0.0228844288771139,0.29588897531997,0.0565764479322766,-0.322447485552349,-0.312828223723468,-0.0589165741753468],[0.187694248286257,-0.0798160338761546,-0.0521822782798075,-0.111223073763587,-0.0961280695686136,-0.185506857231563,0.267813175191091,-0.387022206777115,0.33293962741434,0.369009702313976,-0.212057255381259,0.259916489743608],[0.26021210529248,-0.344276639098541,-0.389196383274464,-0.0158074777597391,0.0926732387119095,0.170180527411987,-0.143963775993833,0.090052691311101,0.118302686546697,-0.315851038863686,0.117828740363889,0.21091099514637],[0.0420301417455975,-0.010221829061462,0.0867752046809334,0.333635501175051,-0.0977432772721109,-0.33502144341346,0.189198300881944,-0.106448085560824,0.00325935525772689,-0.0832035299597851,-0.143222374911718,-0.0964679029096542],[-0.226138380907167,0.0806452343568517,-0.276374643848523,-0.217815572182844,0.409588869430318,0.05321858665301,0.368327561944811,-0.142710270921736,-0.291516597459481,0.382824657641933,0.389756961467521,-0.0656767694261588],[0.432102315817929,0.169178795787818,-0.0911734565339276,0.358319040059848,-0.244650609546796,-0.382524201341155,0.297790523270486,-0.291419508416127,0.367510649933977,0.427973303082617,-0.296097576619476,-0.248010451594405],[-0.248965812681603,-0.231382042015449,-0.25082581240115,-0.370897903961018,0.13777913530064,-0.186121095552172,0.182692816765521,0.0361120680092383,0.189142627741056,0.0746829966229718,0.0695308062571008,-0.0316209449873081],[0.203143799891457,0.178554837114202,-0.195445223575372,0.331124778918116,-0.0478301167365655,-0.0894097471277772,0.308583858080573,0.224385240323754,0.447898068850746,0.421533149722175,0.421706886663536,-0.303960475521334],[-0.0714348381334528,-0.219579013706587,-0.170053445030318,-0.0704823218551248,-0.129650574885577,-0.0212799571956526,0.226579967080427,0.251556067874912,-0.0884170320668017,-0.161540828562764,-0.139502842066155,-0.366468814738407],[0.121075180927932,0.348311137791241,0.145645835502085,0.281504373073511,-0.0154438704716886,-0.31295193837847,-0.132889287354264,0.0258663244939291,-0.0765325728715414,0.331326053275406,0.332650020055181,0.2573533496889]],[[0.198795989250611,-0.23319854851439,-0.0412228708686434,0.00963608665184035,-0.0299020833516473,0.149456760257404,0.224662740102001,0.0916915950296491,0.194370773360513,0.199466677482972,0.0967336334412963,-0.138019073301001,0.215648916950451,-0.208551030726525,-0.0511971080667816,0.243723663038134,-0.0378180941794152,0.187794113196107,-0.0393216443957759,0.0531671380410506,0.0519986062177621,-0.189753610117929,0.232642989878383,0.214200487515983],[-0.091552770848266,-0.076604155192505,0.143043802824116,-0.261645335662034,0.00759335795839527,-0.107164030543797,-0.0615964118073149,-0.243302493612196,0.22472721835607,-0.193663537252845,-0.13752859026611,-0.10928210552087,0.220344733903825,0.0164387396787503,0.202754263867065,0.185985873738845,0.0399513970310846,-0.160719757690226,0.0866178330891876,-0.0997752626966437,0.167501070355927,0.101894263405494,-0.151654718322024,0.250325299993206],[-0.0922469928131158,0.0358661142265741,0.271042957375543,0.273876475111907,0.191913312938792,-0.182038141346332,0.109266762978645,0.127614958281756,0.116527388785136,0.201245963699065,-0.0880388916568917,0.24888579627646,-0.271090113725388,-0.0756792308483104,-0.173194291052764,-0.250030609641949,0.22550813018784,0.00439485729103598,0.190477238648911,0.0206225859747348,-0.114104883274282,-0.0978558912052156,-0.126621037766261,-0.161187307435378],[-0.116609842609128,0.0881068476563783,0.200950450830523,-0.0335535516693997,0.0739455728236937,-0.0917162447873831,0.165363548558671,-0.0812465079376367,0.135598163556224,0.0267807844383756,0.279538841815346,-0.26942941072252,0.199589858904857,0.0175249322230854,-0.228459870338046,0.002648399810144,0.138514850508068,0.214770017144111,0.143198215410037,-0.0203164381808205,-0.25611747466239,-0.238272562111048,