{"W1":[[nan,nan,nan,nan,nan,nan,nan,nan,nan,nan,nan],[nan,nan,nan,nan,nan,nan,nan,nan,nan,nan,nan],[nan,nan,nan,nan,nan,nan,nan,nan,nan,nan,nan],[nan,nan,nan,nan,nan,nan,nan,nan,nan,nan,nan],[nan,nan,nan,nan,nan,nan,nan,nan,nan,nan,nan],[nan,nan,nan,nan,nan,nan,nan,nan,nan,nan,nan],[nan,nan,nan,nan,nan,nan,nan,nan,nan,nan,nan],[nan,nan,nan,nan,nan,nan,nan,nan,nan,nan,nan],[nan,nan,nan,nan,nan,nan,nan,nan,nan,nan,nan],[nan,nan,nan,nan,nan,nan,nan,nan,nan,nan,nan],[nan,nan,nan,nan,nan,nan,nan,nan,nan,nan,nan],[nan,nan,nan,nan,nan,nan,nan,nan,nan,nan,nan],[nan,nan,nan,nan,nan,nan,nan,nan,nan,nan,nan],[nan,nan,nan,nan,nan,nan,nan,nan,nan,nan,nan],[nan,nan,nan,nan,nan,nan,nan,nan,nan,nan,nan],[nan,nan,nan,nan,nan,nan,nan,nan,nan,nan,nan]],"W_actor":[[0.032936406700982,0.229700837141781,-0.189878020979235,-0.348045780984506,0.312192618788317,-0.0317440323083343,0.076628104218058,0.381968090275747,0.107508801803317,0.29027419049588,0.313375663127685,-0.17834508584547,0.257607467483691,0.110290020938983,-0.226471722094695,-0.30341406376291],[nan,nan,nan,nan,nan,nan,nan,nan,nan,nan,nan,nan,nan,nan,nan,nan],[-0.296486597560281,0.145112708750091,0.0920402428961663,0.158640974162134,0.137199838718601,0.10206414553077,-0.370848606752711,-0.384702554164615,-0.0147556229869049,0.0844477933751666,-0.259218958150128,-0.211162519031346,0.0573152062738126,0.0714848800027993,-0.277180015018189,0.0357100965997102],[0.263979494095249,0.131007983969197,0.116939967134776,-0.0869691491896775,0.249487202952085,-0.0630967244143836,-0.0414898424668171,0.29313056936503,0.19615369439185,-0.047800186712872,0.131418541202875,0.180929693790502,0.00416291484011488,0.231177019879744,0.24447680931778,-0.34385743877327]],"W_critic":[[1837.99498049224,3842.21433189269,-0.153342130273411,0.00920045600919392,107.957642320144,2598.67147969646,5016.55059249455,6731.97219627435,1.37629966178614,0.241651884972911,3.17294892952487,1.18678412536489,1739.61081057822,4135.41408558933,0.175721847651369,0.0229683073240603]],"b1":[nan,nan,nan,nan,nan,nan,nan,nan,nan,nan,nan,nan,nan,nan,nan,nan],"b_actor":[-0.0690089085073875,nan,-0.11907953507413,0.000204612691921787],"b_critic":[0.153689840681998]}