{
	"best_avg_episode": 133,
	"best_avg_reward": 3419.78062295948,
	"episode": 933,
	"episodes_rewards": [
		703.774950608766,
		439.377638108505,
		672.278600468717,
		1554.75728016723,
		244.895045359537,
		518.148220512897,
		914.117352782722,
		1608.33963980456,
		477.485825442353,
		647.428756596004,
		127.690191672915,
		1860.35264528976,
		149.953067816349,
		375.139075291015,
		731.678514226106,
		548.444936133057,
		384.595554825087,
		1055.40682008906,
		661.384362679727,
		620.561732576879,
		1124.44441922682,
		237.996311482607,
		536.542375001265,
		648.462106952662,
		882.321850221171,
		124.791350804068,
		691.232635422155,
		322.74965236146,
		1630.87110410344,
		2000.01119106912,
		969.371262662271,
		2431.90427007394,
		2678.04693763348,
		835.775058771633,
		277.504742527143,
		1333.43704269283,
		724.861558708681,
		1256.68463937536,
		1050.12715663076,
		244.924502236264,
		201.582615754232,
		767.688931932507,
		1656.90997115538,
		438.807300639736,
		774.709259633968,
		886.139212593061,
		2739.84826214446,
		627.315904976928,
		546.883438331317,
		340.669283445264,
		958.969710208554,
		865.648303952357,
		482.061007014609,
		513.57948286365,
		403.774718568661,
		343.558090662945,
		1385.82440506867,
		404.163727844588,
		822.92996798191,
		1167.3077461046,
		602.430060815578,
		282.01830756886,
		865.319969182997,
		837.207906943608,
		1627.18361597798,
		665.604614134664,
		1582.01077780171,
		864.251050654494,
		468.140913523056,
		2174.45035989344,
		971.267635571927,
		1013.64953778584,
		713.995840863691,
		283.956501449832,
		571.211241630403,
		1602.60829386227,
		463.658504174827,
		567.655908786834,
		1686.83169765609,
		538.862194103313,
		699.572648854261,
		336.987542089808,
		1467.64179140946,
		888.323996518187,
		1492.71526137134,
		560.368457181595,
		1712.8293819371,
		822.076016458253,
		784.926442847117,
		1182.91941176979,
		1158.61495115056,
		1121.51949392993,
		825.161055661254,
		607.872293966855,
		2234.72783790843,
		673.101735430496,
		1431.50222367543,
		358.729632261923,
		681.216926238314,
		454.654562208793,
		2000.28478801352,
		1071.98286406294,
		828.332691848718,
		394.258437358096,
		1989.16884255802,
		942.083008642409,
		870.746714022229,
		2547.07179765383,
		669.350582573148,
		442.051245126047,
		1071.19513903922,
		2620.02920530622,
		870.438566947541,
		1507.49853053127,
		401.186817842654,
		1012.33620029625,
		2537.17459476516,
		1381.28911083879,
		829.006345508764,
		875.818368547485,
		1560.86530416686,
		649.507490868507,
		994.846688537492,
		948.140142529518,
		894.582104097154,
		345.259062447991,
		828.971796958128,
		777.54249415129,
		975.339765838603,
		954.684949072919,
		895.298695227969,
		762.710305134089,
		1226.45447309721,
		3419.78062295948,
		568.351540235094,
		853.930536053408,
		585.646469676021,
		1024.03853797378,
		541.230051948098,
		1225.78262660446,
		1367.95768537562,
		967.914742886195,
		861.452973794438,
		1274.96805864141,
		495.159687618906,
		847.177500865997,
		1073.33840442686,
		722.482204099814,
		403.698343498005,
		545.110216966166,
		456.156833255573,
		704.854002107369,
		661.249138107618,
		370.968546594056,
		978.326369760662,
		1003.57397199752,
		737.582423622752,
		488.646462724592,
		1903.99920045939,
		566.632650443299,
		569.494628672317,
		1500.09085780784,
		484.5188455168,
		396.599090787997,
		433.241908876787,
		154.642263502673,
		1100.9879325346,
		627.205206860858,
		634.401583423112,
		193.737745465568,
		255.9090877989,
		827.411839588573,
		654.15984896404,
		553.335124479614,
		673.538448111664,
		514.278566794731,
		609.68760162482,
		924.503334274845,
		401.182579430788,
		1041.25183890941,
		632.274183471934,
		784.965799247681,
		939.861774569283,
		1048.37118312587,
		444.470745104502,
		250.555757657967,
		289.872095038435,
		550.957445354317,
		674.506601881925,
		507.929941322839,
		243.462417885084,
		412.744333318859,
		223.440476551819,
		360.746426989739,
		744.283243962068,
		1389.2994609501,
		474.025792665136,
		721.970510149596,
		720.537388699565,
		508.793480754769,
		258.123388139595,
		237.97492551556,
		620.026258809064,
		516.032235363804,
		466.345051515517,
		599.445845762589,
		1084.85227845815,
		501.02913671018,
		249.097684341267,
		1025.68796133723,
		786.140239054408,
		565.944153798267,
		547.975777757904,
		573.823685122155,
		574.041232352332,
		536.91650582381,
		703.333183547547,
		260.777481535108,
		586.258965821805,
		805.333186291837,
		544.097777250019,
		376.173041525001,
		535.920470977607,
		881.985816233308,
		804.239647278486,
		397.54504856634,
		545.086689245786,
		379.10348883563,
		750.044349634144,
		284.243822130303,
		220.00579345489,
		254.906242356687,
		499.852079177085,
		812.734826406664,
		359.702282641176,
		579.795638924593,
		484.941627342708,
		264.318719001256,
		1045.92100903386,
		183.747107484995,
		577.267593388351,
		638.785219006237,
		819.270273729285,
		949.915455632339,
		773.941916289253,
		755.703668708221,
		484.224679442422,
		525.41988914424,
		426.893334813436,
		704.18919506175,
		1293.40186633764,
		352.433862543179,
		500.098387413589,
		680.215590632332,
		400.017109831874,
		711.986729382373,
		312.553432871766,
		1388.816572008,
		631.861300290688,
		670.671164088408,
		374.761087396747,
		429.929356927914,
		1272.55866648051,
		175.803520651107,
		287.031781668967,
		148.993717903589,
		372.764233146044,
		790.58441112771,
		327.26412569881,
		698.496067079137,
		628.160668062414,
		269.178098564423,
		681.778102548485,
		810.17695852718,
		1376.09322808989,
		967.648693516456,
		450.729202970993,
		350.79054341264,
		537.849642647498,
		1223.9221533501,
		1250.75744252116,
		483.987876285069,
		613.515433196993,
		991.042004612305,
		599.963981105913,
		251.436354047584,
		570.307202184676,
		713.056906417151,
		1186.83641544298,
		555.396878446139,
		467.085191647226,
		359.728358890172,
		402.826006145624,
		117.44738578247,
		624.586580823961,
		233.505802641094,
		241.634133919062,
		91.6051232354756,
		42.2575007985859,
		633.817368036795,
		776.286066875808,
		1296.86497460462,
		1162.50957906782,
		479.287688343847,
		160.609805871088,
		423.404078321015,
		782.685917104491,
		469.217488734234,
		672.448178807078,
		595.647542841136,
		455.674818392083,
		415.475051827255,
		1034.17020265194,
		933.114130995426,
		484.280090789497,
		529.095866833482,
		881.099633160806,
		710.683334595248,
		929.873675720415,
		161.784462849772,
		621.147541560275,
		522.314731798193,
		509.337008391474,
		631.790441139631,
		325.842020619293,
		1425.40364844445,
		458.707698936763,
		306.748672285363,
		224.338540427771,
		220.216705319667,
		515.309443186994,
		921.375442709947,
		604.357795615906,
		574.630625209846,
		448.438364669025,
		396.71438461616,
		512.501773201663,
		626.087887117609,
		442.10885256974,
		255.609795132339,
		584.362736822637,
		544.515508383958,
		487.8569610993,
		703.269549743774,
		300.141521660258,
		967.44166667161,
		487.356400401083,
		132.66146698121,
		287.97747214563,
		477.217774298942,
		725.084084922568,
		1357.69900177032,
		337.617614065808,
		722.409603011333,
		431.642125961144,
		545.107132403923,
		691.874848363445,
		673.780029876648,
		151.636629708951,
		602.778874894783,
		1012.17755173962,
		378.796404687613,
		613.407323657299,
		1256.81910146648,
		862.237325312404,
		298.938548819849,
		398.304878972963,
		878.803986813298,
		714.119893782332,
		657.730469672134,
		315.101320982563,
		277.11594128733,
		445.309646913555,
		988.416005864895,
		1182.2509340456,
		680.074063799247,
		713.681562019672,
		874.981145564472,
		665.553908315465,
		806.352465509152,
		242.475901374989,
		327.401563189369,
		487.205116576335,
		751.240257975693,
		547.417207356833,
		813.600316010458,
		565.437570872802,
		746.144025437118,
		915.372045872008,
		1069.25069136584,
		448.381466587699,
		443.504435844509,
		525.994817125404,
		185.002309324982,
		485.561782863635,
		419.008603911584,
