{
	"best_avg_episode": 0,
	"best_avg_reward": -1000000000.0,
	"episode": 35,
	"episodes_rewards": [
		17.746861541418,
		-61.1676563086232,
		-31.4618107773752,
		-37.5169548266491,
		-31.5911730030143,
		-18.4128780730212,
		-28.5170504237829,
		-36.4145955774337,
		-29.4215711536033,
		-18.5335266842081,
		-39.5695750398613,
		-29.6086210744824,
		-10.4907797696505,
		-20.6364520283562,
		-32.946380682557,
		-26.52037961952,
		-18.9335401061161,
		-1.46500861961755,
		-31.6761851958346,
		-11.2540888825592,
		-15.0223891949238,
		-25.286082002418,
		-17.7335583624963,
		-30.5013544556779,
		-40.9738243663197,
		-27.757308977568,
		-29.1919014241633,
		-14.6817263580431,
		-34.101390861978,
		-26.6979906713979,
		-39.5131424886413,
		-42.3739143485021,
		-3.4535720387922,
		-43.075069816152,
		-46.3966519051327
	]
}