{
	"best_avg_episode": 0,
	"best_avg_reward": -1000000000.0,
	"episode": 42,
	"episodes_rewards": [
		52.1261725574072,
		39.7722049406745,
		49.2411856384206,
		55.4857471103975,
		60.7445340649489,
		38.0648603272683,
		40.1298667098663,
		40.0118189497777,
		50.676757821912,
		45.7882763026778,
		49.6501022486335,
		44.6744107598514,
		32.9426495983594,
		30.0628893003117,
		42.2388431692526,
		42.9297854871718,
		42.7756400835185,
		38.0917164733345,
		20.294469075124,
		18.4214182660679,
		17.6771902945431,
		21.8614676687669,
		18.8499117494024,
		14.4484063388847,
		10.5478472130505,
		3.3712776841652,
		7.06503570868469,
		11.4380564884877,
		-0.722888398134483,
		8.90553522649653,
		2.85835078875136,
		2.44679543162421,
		8.04241886334962,
		10.606467182277,
		0.376556206430969,
		9.26625498965315,
		4.86396618705009,
		15.4666278798387,
		27.340575086605,
		14.9519222053386,
		16.7867097950257,
		31.1457931866009
	]
}