{
	"best_avg_episode": 85,
	"best_avg_reward": 2920.85794935502,
	"best_episode_rewards": [
		258.425177955454,
		1092.93826130932,
		1092.93826130932,
		1108.30881136564,
		1108.30881136564,
		1108.30881136564,
		1108.30881136564,
		1108.30881136564,
		1108.30881136564,
		1108.30881136564,
		1108.30881136564,
		1108.30881136564,
		1108.30881136564,
		1108.30881136564,
		1108.30881136564,
		1108.30881136564,
		1108.30881136564,
		1108.30881136564,
		1108.30881136564,
		1108.30881136564,
		1108.30881136564,
		1438.93962738461,
		1438.93962738461,
		1438.93962738461,
		1438.93962738461,
		1438.93962738461,
		1438.93962738461,
		1438.93962738461,
		1438.93962738461,
		1438.93962738461,
		1438.93962738461,
		1438.93962738461,
		1438.93962738461,
		1438.93962738461,
		1438.93962738461,
		1438.93962738461,
		1438.93962738461,
		1438.93962738461,
		1438.93962738461,
		1438.93962738461,
		1438.93962738461,
		1438.93962738461,
		1438.93962738461,
		1438.93962738461,
		1438.93962738461,
		1438.93962738461,
		1438.93962738461,
		1438.93962738461,
		1438.93962738461,
		1438.93962738461,
		1438.93962738461,
		1438.93962738461,
		1438.93962738461,
		1438.93962738461,
		1438.93962738461,
		1438.93962738461,
		1438.93962738461,
		1438.93962738461,
		1438.93962738461,
		1438.93962738461,
		1438.93962738461,
		1438.93962738461,
		1438.93962738461,
		1438.93962738461,
		1438.93962738461,
		1438.93962738461,
		1438.93962738461,
		1438.93962738461,
		1438.93962738461,
		1438.93962738461,
		1438.93962738461,
		1438.93962738461,
		1438.93962738461,
		1438.93962738461,
		1438.93962738461,
		1438.93962738461,
		1438.93962738461,
		1438.93962738461,
		1438.93962738461,
		1438.93962738461,
		1438.93962738461,
		1438.93962738461,
		1438.93962738461,
		1438.93962738461,
		1773.65967292933,
		2920.85794935502,
		2920.85794935502,
		2920.85794935502,
		2920.85794935502,
		2920.85794935502,
		2920.85794935502,
		2920.85794935502,
		2920.85794935502,
		2920.85794935502,
		2920.85794935502,
		2920.85794935502,
		2920.85794935502,
		2920.85794935502,
		2920.85794935502,
		2920.85794935502,
		2920.85794935502,
		2920.85794935502,
		2920.85794935502,
		2920.85794935502,
		2920.85794935502,
		2920.85794935502,
		2920.85794935502,
		2920.85794935502,
		2920.85794935502,
		2920.85794935502,
		2920.85794935502,
		2920.85794935502,
		2920.85794935502,
		2920.85794935502,
		2920.85794935502,
		2920.85794935502,
		2920.85794935502,
		2920.85794935502,
		2920.85794935502,
		2920.85794935502,
		2920.85794935502,
		2920.85794935502,
		2920.85794935502,
		2920.85794935502,
		2920.85794935502,
		2920.85794935502,
		2920.85794935502,
		2920.85794935502,
		2920.85794935502,
		2920.85794935502,
		2920.85794935502,
		2920.85794935502,
		2920.85794935502,
		2920.85794935502,
		2920.85794935502,
		2920.85794935502,
		2920.85794935502,
		2920.85794935502,
		2920.85794935502,
		2920.85794935502,
		2920.85794935502,
		2920.85794935502,
		2920.85794935502,
		2920.85794935502,
		2920.85794935502,
		2920.85794935502,
		2920.85794935502,
		2920.85794935502,
		2920.85794935502,
		2920.85794935502,
		2920.85794935502,
		2920.85794935502,
		2920.85794935502,
		2920.85794935502,
		2920.85794935502,
		2920.85794935502,
		2920.85794935502,
		2920.85794935502,
		2920.85794935502,
		2920.85794935502,
		2920.85794935502,
		2920.85794935502,
		2920.85794935502,
		2920.85794935502,
		2920.85794935502,
		2920.85794935502,
		2920.85794935502,
		2920.85794935502,
		2920.85794935502,
		2920.85794935502,
		2920.85794935502,
		2920.85794935502,
		2920.85794935502,
		2920.85794935502,
		2920.85794935502,
		2920.85794935502,
		2920.85794935502,
		2920.85794935502,
		2920.85794935502,
		2920.85794935502,
		2920.85794935502,
		2920.85794935502,
		2920.85794935502,
		2920.85794935502,
		2920.85794935502,
		2920.85794935502,
		2920.85794935502,
		2920.85794935502,
		2920.85794935502,
		2920.85794935502,
		2920.85794935502,
		2920.85794935502,
		2920.85794935502,
		2920.85794935502,
		2920.85794935502,
		2920.85794935502,
		2920.85794935502,
		2920.85794935502,
		2920.85794935502,
		2920.85794935502,
		2920.85794935502,
		2920.85794935502,
		2920.85794935502,
		2920.85794935502,
		2920.85794935502,
		2920.85794935502,
		2920.85794935502,
		2920.85794935502,
		2920.85794935502,
		2920.85794935502,
		2920.85794935502,
		2920.85794935502,
		2920.85794935502,
		2920.85794935502,
		2920.85794935502,
		2920.85794935502,
		2920.85794935502,
		2920.85794935502,
		2920.85794935502,
		2920.85794935502,
		2920.85794935502,
		2920.85794935502,
		2920.85794935502,
		2920.85794935502,
		2920.85794935502,
		2920.85794935502,
		2920.85794935502,
		2920.85794935502,
		2920.85794935502,
		2920.85794935502,
		2920.85794935502,
		2920.85794935502
	],
	"boss_wins": 3,
	"episode": 232,