{
    "best_avg_reward": 112.04966617758116,
    "episode_rewards": [
        -159.945671341555,
        43.6379775249981,
        74.5849895681424,
        -3.15056845891562,
        27.4883254976194,
        94.5905837736601,
        132.693828600351,
        44.0026505295787,
        19.7076340925689,
        114.517971306305,
        111.771064176387,
        98.4471262260459,
        56.1252862355129,
        -42.2261722113058,
        26.4045367936231,
        167.87235348006,
        -1.97627766175366,
        2.92035046434816,
        109.40148049934,
        47.3918505218097,
        36.8080230619684,
        33.6016241315441,
        31.7915425706555,
        32.601204287905,
        95.4919112265896,
        59.4069411337039,
        56.078233051563,
        70.6189501802041,
        112.289612299352,
        26.6193966311773,
        91.1278640247605,
        57.148119196448,
        44.635770323863,
        -29.1503929423673,
        207.850116189123,
        93.4640861886793,
        193.684109714505,
        98.732042736921,
        51.7876399261314,
        102.464493296176,
        155.916270147067,
        89.455191882182,
        -11.1272995363707,
        32.3556241737656,
        -33.224588542735,
        75.564232330181,
        7.05942221114865,
        82.1853012978975,
        36.0349050431577,
        12.6745617745078,
        27.8177849876697,
        35.4858149301138,
        12.8041605421565,
        92.1553230643473,
        108.645837951851,
        16.0233008499086,
        14.6143956413802,
        71.4333014930249,
        -0.892321725154494,
        22.8295962109977,
        46.069166322326,
        68.8817220830951,
        77.752910994071,
        299.358141341617,
        -3.25779673075528,
        65.2193228631712,
        30.2602392371579,
        41.1913666592388,
        20.7783611292876,
        113.067798780597,
        77.1977265771896,
        32.0703442843919,
        41.6810025523911,
        88.6383353186722,
        115.291084119813,
        117.504441507765,
        78.1077153687478,
        194.154736142178,
        2.71170553977722,
        247.395868711611,
        93.7214969314128,
        20.2119358631833,
        78.9399946723102,
        73.1747533593056,
        8.56677521570701,
        21.1233148484518,
        121.533014298087,
        61.5902793247627,
        80.6524175486185,
        38.2128116789161,
        199.91625070808,
        58.6969222780774,
        -5.23830949283282,
        82.9813295899651,
        -5.97661931555049,
        154.962851527365,
        81.3497714526426,
        66.0049654978758,
        232.51919693994,
        151.783110039597,
        205.383517416998,
        76.5414284611144,
        27.8309038262789,
        5.4646372537052,
        99.4633173836641,
        70.1086744821915,
        13.395292135191,
        52.6646382770079,
        67.9399518439859,
        416.57217744634,
        89.3216058825095,
        101.755190382462,
        250.92738302834,
        101.54333496169,
        21.8045630311198,
        89.2112481243647,
        3.51281420306567,
        49.1274744231578,
        61.417462074144,
        -47.3574649825227,
        118.630826660604,
        37.8284898144538,
        -21.0478112877607,
        68.2886293267849,
        -56.8220356797206,
        123.989783638567,
        105.696123786762,
        61.0597101372661,
        45.7377382448692,
        104.111837782621,
        83.4710558311781,
        60.6332065711025,
        34.4188265859411,
        195.290950107726,
        -34.1904059988314,
        33.225432979159,
        71.7358069851177,
        118.663367037976,
        -0.780601664291211,
        101.294692061895,
        -28.4674576316214,
        131.56170250931,
        8.92110417228523,
        158.219425361745,
        -5.81236726244004,
        75.1602795346174,
        13.8087310558794,
        -34.1900913715902,
        90.8151786449692,
        12.4151310569511,
        91.8562331560599,
        116.417912482697,
        8.34281227852219,
        -55.040917760888,
        67.0879765182998,
        22.7059453293763,
        48.9508246924633,
        16.4578749494436,
        -17.7287624045788,
        55.3808015151722,
        61.5910135079933,
        63.2977193473643,
        -14.1749786500199,
        177.826314133263,
        74.2611849051027,
        106.891414207015,
        127.262665790831,
        86.0957892270578,
        129.601282247605,
        45.9671227392944,
        161.761956942502,
        84.3528060799159,
        35.3406201943306,
        15.805247682261,
        107.033054771184,
        92.4366390761073,
        55.7241279221193,
        29.3283082702182
    ]
}