{
    "best_avg_reward": 80.86091118656552,
    "episode_rewards": [
        -130.11884260826,
        -72.4321624504891,
        26.5340250726121,
        172.614388912863,
        -15.2755478783615,
        137.603657597232,
        97.7219816237348,
        78.1992413842988,
        193.763947357163,
        68.2325622041056,
        38.4883579974564,
        -125.750771541282,
        -73.6489736121939,
        57.123811670993,
        -43.7382043115048,
        -41.5043240446229,
        92.137332856181,
        -10.2722764058048,
        -89.942242182678,
        -58.1168396168601,
        -58.6665166471737,
        -28.9243299966374,
        -54.6365175170543,
        -68.1623161049582,
        -10.3248071445053,
        -26.6743100202516,
        -60.126071621802,
        -38.5495980505805,
        -38.2720478652203,
        97.6882763278931,
        43.1521038210721,
        -69.6311264537599,
        -59.6860586537626,
        -56.8215957861238,
        -14.2691656029383,
        -39.3640322531196,
        276.78452277811,
        -79.5731614003626,
        -1.71211373744574,
        -58.1483325515137,
        173.862459762267,
        -53.1229290633377,
        -34.2461192111515,
        37.4785684633333,
        -41.0616240133674,
        -46.6763853638924,
        131.210509493485,
        -39.400322239121,
        148.343501416431,
        110.198491338801,
        -12.1159365201948,
        89.4540222980255,
        -21.4875471119324,
        -54.5011966165914,
        -82.1955555274018,
        175.768430299335,
        10.3709757407611,
        8.60713074069138,
        -86.7298313895598,
        -0.597298896474785,
        108.25640271212,
        -27.3843251482237,
        -49.4273308916099,
        -78.3382071280357,
        -32.9012245563066,
        -34.2068727601511,
        74.7495067787457,
        132.178597632705,
        -75.6945321151914,
        142.048863147087,
        -51.6061060073907,
        -41.5064055979037,
        253.22074914055,
        90.150371795678,
        236.316363074087,
        -48.5388477574308,
        78.3374589458041,
        30.8845240203041,
        -55.7390436891564,
        -39.3180061990376,
        -63.7479413139198,
        -74.059557824986,
        -89.2561188704702,
        -63.0462569049337,
        71.7437984174084,
        -28.0407529157499,
        -36.7067653866152,
        -46.8001669334613,
        42.2532255804892,
        90.4673347852793,
        54.9563474862131,
        93.1241664387559,
        -23.8176114450815,
        121.32482747327,
        -53.5129112311479,
        5.92992659741761,
        370.280688481995,
        19.5878548074304,
        -81.3684408298062,
        -20.7824973304089,
        -52.0181650183492,
        -54.5302515975318,
        -30.9402349980562,
        -44.9262080513777,
        -45.9740039350065,
        50.4790009032417,
        -49.8884429739122,
        -10.4548941205727,
        -47.2730237797612,
        -81.6232441676693,
        120.105651877953,
        -39.2721894272997,
        -24.8439900418472,
        -30.4206534783559,
        -25.3199946739922,
        231.276396247483,
        -35.9263078694622,
        -15.8460564897189,
        -61.6607035137327,
        -45.2305381390725,
        -47.1024886324101,
        156.584718230068,
        -27.5208429433784,
        114.272090988708,
        182.817291871622,
        106.27874273662,
        -45.9059445568717,
        189.389993485872,
        -22.4682038215396,
        -22.5859876201757,
        -55.5344477556123,
        -38.3517561549753,
        -30.655674960951,
        -72.8871721240513,
        -3.22129542757523,
        -0.538480918349049,
        71.4576979720942,
        90.9026851484989,
        139.490590835063,
        2.96943680380233,
        10.9401024044384,
        -17.9227108261549,
        101.468782767139,
        -51.1577256376226,
        -53.285172404166,
        200.099130761013,
        154.573809717757,
        69.3317754253296,
        256.647692381914,
        150.298280859614,
        44.3165449098081,
        150.862318116821,
        8.70971692413824,
        171.143012986105,
        64.0355048797075,
        22.4307607832927,
        101.363686894812,
        -42.5566656446513,
        -40.4038907108888,
        -23.118059084264,
        -31.9703261385914,
        -32.1647277195315,
        114.737456604068,
        -29.3732134215931,
        73.3340857888042,
        19.8173425239459,
        88.1297315226427,
        -30.4094104147094,
        36.4609215896376,
        98.8179077237165,
        -76.9516763632606,
        64.8531417620441,
        -21.1831969387905,
        102.991135865795,
        122.95543987989,
        79.9581584199297,
        -3.10367045560852,
        23.1018946775689,
        -15.7583985707093,
        12.2680016364994,
        -12.770791614895,
        123.084365280955,
        -29.4336455406978,
        89.3272869543653,
        8.46610712793023,
        -27.0010418576616,
        -76.0749119039031,
        -38.9825093763091,
        -14.1796442288955,
        -1.55638718073537,
        -48.8146089115255,
        144.944044374603,
        -17.0356333819494,
        -21.5728041044371,
        -34.1171069384268,
        -23.8086223371078,
        101.245947120824,
        -12.0601260574873,
        -9.43949388784314,
        173.041112797018,
        118.271217504793,
        54.4421639730768,
        -59.1330373248652,
        -0.653143349932333,
        45.4953174595022,
        99.0184584302794,
        -33.0555557763904,
        -43.5683470642298,
        262.352774591063,
        186.007639485895,
        -73.1084367152624,
        -56.3226665902978,
        -51.8351333286693,
        -46.7780568521335,
        126.593449481761,
        -41.5088230868873,
        -35.2236988566735,
        39.6735731781274,
        53.4810117762545,
        -28.4835290548702,
        -20.6417061522761,
        69.1201122337665,
        138.038612832125,
        287.420857644376,
        -36.9824650564132,
        78.7443966560752,
        251.082178122867,
        -37.2844267131997,
        166.223429643803,
        85.2405896099108,
        -69.5195139211279,
        -12.8717140625854,
        -38.6382186429083,
        87.4873786793446,
        -17.824522207012,
        123.457381547354,
        98.8285717553929,
        134.356198971505,
        -22.1520179751404,
        96.566641735804,
        -37.2073059100067,
        3.18040713296785,
        119.642881454731,
        -29.1887839732163,
        -48.9441764389486,
        -2.27236306129593,
        -7.18332371609719,
        128.401476723944,
        -2.07517969771472,
        25.5594231213508,
        -3.92250484777407,
        -22.8613634021503,
        94.8464088103654,
        -23.8385380369552,
        -12.138217915444,
        82.2040407190231,
        -19.0424688514088,
        113.836359112067,
        67.3295736260608,
        -35.511517978807,
        197.108958538414,
        55.7276901504229,
        -18.6857510721897,
        -26.1857131819162,
        -29.6645159218581,
        -47.4308870846366,
        -4.7994081028586,
        -39.7259972797729,
        -21.8521690412405,
        49.4488648068228,
        157.004585839675,
        198.035868107587,
        -49.1160122096372,
        -54.2492004902235,
        -60.7801426656043,
        264.998512519245,
        -24.1746854346159,
        105.316180526573,
        -32.9956090139794,
        -9.38052498834236,
        175.416742104502,
        45.3390978429324,
        -10.3200424305955,
        51.1415757547425,
        10.503896620725,
        146.064810054677,
        1.34438113901219,
        -14.5756030940652,
        -2.81939357675375,
        -10.5433450796223,
        82.9436401601677,
        -14.0928333280255,
        -33.4932225081065,
        5.13544567531873,
        38.1665176466486,
        -17.7788300208195,
        98.388583759001,
        -20.9307972896762,
        -20.7883536554789,
