{
	"best_avg_episode": 85.0,
	"best_avg_reward": 2920.85794935502008,
	"best_episode_rewards": [
		258.425177955453989,
		1092.93826130932007,
		1092.93826130932007,
		1108.30881136563994,
		1108.30881136563994,
		1108.30881136563994,
		1108.30881136563994,
		1108.30881136563994,
		1108.30881136563994,
		1108.30881136563994,
		1108.30881136563994,
		1108.30881136563994,
		1108.30881136563994,
		1108.30881136563994,
		1108.30881136563994,
		1108.30881136563994,
		1108.30881136563994,
		1108.30881136563994,
		1108.30881136563994,
		1108.30881136563994,
		1108.30881136563994,
		1438.93962738461005,
		1438.93962738461005,
		1438.93962738461005,
		1438.93962738461005,
		1438.93962738461005,
		1438.93962738461005,
		1438.93962738461005,
		1438.93962738461005,
		1438.93962738461005,
		1438.93962738461005,
		1438.93962738461005,
		1438.93962738461005,
		1438.93962738461005,
		1438.93962738461005,
		1438.93962738461005,
		1438.93962738461005,
		1438.93962738461005,
		1438.93962738461005,
		1438.93962738461005,
		1438.93962738461005,
		1438.93962738461005,
		1438.93962738461005,
		1438.93962738461005,
		1438.93962738461005,
		1438.93962738461005,
		1438.93962738461005,
		1438.93962738461005,
		1438.93962738461005,
		1438.93962738461005,
		1438.93962738461005,
		1438.93962738461005,
		1438.93962738461005,
		1438.93962738461005,
		1438.93962738461005,
		1438.93962738461005,
		1438.93962738461005,
		1438.93962738461005,
		1438.93962738461005,
		1438.93962738461005,
		1438.93962738461005,
		1438.93962738461005,
		1438.93962738461005,
		1438.93962738461005,
		1438.93962738461005,
		1438.93962738461005,
		1438.93962738461005,
		1438.93962738461005,
		1438.93962738461005,
		1438.93962738461005,
		1438.93962738461005,
		1438.93962738461005,
		1438.93962738461005,
		1438.93962738461005,
		1438.93962738461005,
		1438.93962738461005,
		1438.93962738461005,
		1438.93962738461005,
		1438.93962738461005,
		1438.93962738461005,
		1438.93962738461005,
		1438.93962738461005,
		1438.93962738461005,
		1438.93962738461005,
		1773.6596729293301,
		2920.85794935502008,
		2920.85794935502008,
		2920.85794935502008,
		2920.85794935502008,
		2920.85794935502008,
		2920.85794935502008,
		2920.85794935502008,
		2920.85794935502008,
		2920.85794935502008,
		2920.85794935502008,
		2920.85794935502008,
		2920.85794935502008,
		2920.85794935502008,
		2920.85794935502008,
		2920.85794935502008,
		2920.85794935502008,
		2920.85794935502008,
		2920.85794935502008,
		2920.85794935502008,
		2920.85794935502008,
		2920.85794935502008,
		2920.85794935502008,
		2920.85794935502008,
		2920.85794935502008,
		2920.85794935502008,
		2920.85794935502008,
		2920.85794935502008,
		2920.85794935502008,
		2920.85794935502008,
		2920.85794935502008,
		2920.85794935502008,
		2920.85794935502008,
		2920.85794935502008,
		2920.85794935502008,
		2920.85794935502008,
		2920.85794935502008,
		2920.85794935502008,
		2920.85794935502008,
		2920.85794935502008,
		2920.85794935502008,
		2920.85794935502008,
		2920.85794935502008,
		2920.85794935502008,
		2920.85794935502008,
		2920.85794935502008,
		2920.85794935502008,
		2920.85794935502008,
		2920.85794935502008,
		2920.85794935502008,
		2920.85794935502008,
		2920.85794935502008,
		2920.85794935502008,
		2920.85794935502008,
		2920.85794935502008,
		2920.85794935502008,
		2920.85794935502008,
		2920.85794935502008,
		2920.85794935502008,
		2920.85794935502008,
		2920.85794935502008,
		2920.85794935502008,
		2920.85794935502008,
		2920.85794935502008,
		2920.85794935502008,
		2920.85794935502008,
		2920.85794935502008,
		2920.85794935502008,
		2920.85794935502008,
		2920.85794935502008,
		2920.85794935502008,
		2920.85794935502008,
		2920.85794935502008,
		2920.85794935502008,
		2920.85794935502008,
		2920.85794935502008,
		2920.85794935502008,
		2920.85794935502008,
		2920.85794935502008,
		2920.85794935502008,
		2920.85794935502008,
		2920.85794935502008,
		2920.85794935502008,
		2920.85794935502008,
		2920.85794935502008,
		2920.85794935502008,
		2920.85794935502008,
		2920.85794935502008,
		2920.85794935502008,
		2920.85794935502008,
		2920.85794935502008,
		2920.85794935502008,
		2920.85794935502008,
		2920.85794935502008,
		2920.85794935502008,
		2920.85794935502008,
		2920.85794935502008,
		2920.85794935502008,
		2920.85794935502008,
		2920.85794935502008,
		2920.85794935502008,
		2920.85794935502008,
		2920.85794935502008,
		2920.85794935502008,
		2920.85794935502008,
		2920.85794935502008,
		2920.85794935502008,
		2920.85794935502008,
		2920.85794935502008,
		2920.85794935502008,
		2920.85794935502008,
		2920.85794935502008,
		2920.85794935502008,
		2920.85794935502008,
		2920.85794935502008,
		2920.85794935502008,
		2920.85794935502008,
		2920.85794935502008,
		2920.85794935502008,
		2920.85794935502008,
		2920.85794935502008,
		2920.85794935502008,
		2920.85794935502008,
		2920.85794935502008,
		2920.85794935502008,
		2920.85794935502008,
		2920.85794935502008,
		2920.85794935502008,
		2920.85794935502008,
		2920.85794935502008,
		2920.85794935502008,
		2920.85794935502008,
		2920.85794935502008,
		2920.85794935502008,
		2920.85794935502008,
		2920.85794935502008,
		2920.85794935502008,
		2920.85794935502008,
		2920.85794935502008,
		2920.85794935502008,
		2920.85794935502008,
		2920.85794935502008,
		2920.85794935502008,
		2920.85794935502008,
		2920.85794935502008,
		2920.85794935502008,
		2920.85794935502008,
		2920.85794935502008
	],
	"boss_wins": 3.0,
	"episode": 232.0,