{
	"best_avg_episode": 0,
	"best_avg_reward": -1000000000.0,
	"episode": 99,
	"episodes_rewards": [
		23.7782173061177,
		22.0033884712552,
		55.1087130217455,
		-15.8781611020212,
		32.2245935816173,
		13.0926530888464,
		28.1578006353258,
		-46.8341800988244,
		130.653153822418,
		-13.8897015088304,
		45.1850157835829,
		59.4918623297106,
		113.63238488022,
		98.9242931269441,
		76.11597320151,
		56.9710675619859,
		42.5540149940072,
		2.073358294601,
		-9.87514117947566,
		2.02208020867073,
		89.5362970687511,
		62.9369770389023,
		69.7428106651865,
		81.4865421144963,
		75.7712345065322,
		73.6232590737315,
		-6.2082888322252,
		100.647899336019,
		-0.00732305862840263,
		87.3491554552786,
		94.4514471495748,
		-16.953280085598,
		10.5288102420648,
		-38.1175229649409,
		109.843273743094,
		45.1545127436387,
		44.7751750613348,
		-4.66642872521281,
		-23.1258637054349,
		9.84079101672278,
		34.1875935992259,
		-1.93952279832632,
		102.096087070388,
		11.6889742055484,
		96.0517120760351,
		-9.45714577154296,
		-4.75879733828383,
		48.1228175340031,
		69.0849542552673,
		33.5823064041655,
		114.70420216613,
		42.0704857949859,
		-36.6448615115761,
		-19.6634970409977,
		-13.8676451695111,
		26.7114207071883,
		45.5584869852631,
		49.3304222248503,
		26.619168429989,
		80.2724329372106,
		52.9431685143316,
		98.9876419192248,
		37.0797131822047,
		-6.34273976802844,
		-5.73880454677453,
		97.181981803349,
		-15.0915946929888,
		62.6136119002395,
		9.20887646498817,
		9.26915007964075,
		87.4694233390905,
		10.0847422901412,
		64.8755864217151,
		-21.1516584955185,
		95.0389240063999,
		84.2309068588927,
		8.72649470359714,
		82.1577687582644,
		84.368608734884,
		56.9919791985398,
		46.8497492652956,
		-42.6374175446033,
		-36.5558434746093,
		-27.1927042471682,
		27.6693037737938,
		0.00922298983108749,
		-13.9384304401278,
		45.7068964918417,
		68.8957454026294,
		21.1429833979624,
		-24.8021089486864,
		-36.5090928160057,
		43.9264241147872,
		28.0104700296461,
		85.7606940857669,
		55.811372505374,
		-11.0454902386165,
		73.7555679799179,
		-41.8083363130886
	]
}