{
	"best_avg_episode": 901,
	"best_avg_reward": 25.2989680496121,
	"episode": 965,
	"episodes_rewards": [
		-81.938109975946,
		-80.5073950553179,
		-71.0535697945596,
		-77.5024238429784,
		-48.1587483230591,
		-30.3784543272018,
		-29.879232695198,
		-33.7648544639587,
		-17.6792187029838,
		-28.747713640213,
		-29.4598290904999,
		-9.60858627624511,
		-31.189347013092,
		-18.1136726531982,
		-33.1501716748238,
		-7.64774991302489,
		-15.8860277679443,
		-28.1005826911926,
		-17.158660892868,
		-31.8742672657013,
		-12.3127865116119,
		-15.3268497216463,
		-16.3463184120178,
		-7.89369729785918,
		-8.88464662055969,
		-19.4032117961884,
		-11.5811458686828,
		-15.0141103302002,
		-9.03914226670263,
		-4.19873328247068,
		-7.95788138713836,
		-11.5918519386292,
		-6.00517907104491,
		-9.52726273632049,
		-1.18480606384276,
		-12.6441430927276,
		-2.90308656921385,
		-5.19046663970946,
		0.865473443603526,
		-11.5020838655472,
		-4.62716052703857,
		0.0531940170288184,
		-2.91650618591308,
		-15.5798004802704,
		-5.80692784690856,
		0.905714077758799,
		-0.507220666503891,
		1.11644684143068,
		-6.62019586868285,
		-24.9579156272888,
		-2.57366567230223,
		-3.08018809318541,
		-7.07768776626585,
		1.05119214019776,
		-1.75808728742598,
		-3.22717565841674,
		0.549770191955577,
		1.09056216430665,
		-0.368994521331772,
		-7.87979484548567,
		3.25020089187623,
		-2.77896011047362,
		-2.57124998168945,
		-5.27536470794677,
		-4.23614181289672,
		-1.92034221954345,
		-6.963553666687,
		-4.99209365768431,
		-4.04496130599974,
		0.926855447387704,
		-0.0428207633972072,
		1.77702872161866,
		-4.47193064651488,
		-1.39170319480895,
		-10.3449702880859,
		-2.57288199481963,
		-2.59591197280882,
		-0.47253854598998,
		-8.88823884701727,
		-6.36205152244568,
		1.69468902893067,
		-3.90325736618041,
		-5.44735151138305,
		-4.56683800582885,
		1.6562441307068,
		-4.12173354263304,
		1.01445817260743,
		-2.4292555618286,
		-1.1333872390747,
		3.71888271255494,
		-5.97804946746825,
		1.21941632080079,
		-1.20396125030517,
		-0.965224055099478,
		-1.78423882522582,
		1.01011731414796,
		-2.7935113342285,
		-0.128536378288258,
		2.32364206466676,
		1.47113175201417,
		-6.37547751235961,
		-1.81907389869689,
		-14.4100807944298,
		-3.7634168937683,
		-0.232190208435047,
		-0.981674056625356,
		-2.24052837677001,
		0.150142827606211,
		-4.15660975341796,
		-2.53255421600341,
		0.51454427356721,
		-6.10569056701658,
		-2.23234327545165,
		-0.577782902908316,
		-2.36909881896971,
		-5.16529638519286,
		5.55723807020189,
		-9.40737130355834,
		-1.74850706901549,
		-7.4086930618286,
		0.197676487731941,
		-3.24440401000975,
		2.57338614959718,
		6.50390058460237,
		-0.432726897430408,
		-1.63825256423949,
		-2.81194322929381,
		0.799872798728953,
		-3.84311006927489,
		-3.20048132438659,
		-6.91151069183348,
		-2.76139339275359,
		0.855099751281747,
		-1.93435831527709,
		2.60080732231141,
		-2.80220337829589,
		4.38033846740724,
		-2.71090963897704,
		-3.00567875938415,
		1.2111254638672,
		0.62716253967286,
		-3.6543166612625,
		5.26289851512911,
		-1.45572595291137,
		-0.326020826721181,
		-1.3326818502426,
		-3.0981597213745,
		2.71592759780885,
		-0.679026669311514,
		-1.04138229675292,
		5.5716549346924,
		-0.0923894728183651,
		-1.71603925018309,
		3.50389254026414,
		5.35184290943147,
		0.100388356781016,
		2.24699564018251,
		0.603791368103037,
		-2.76000085220336,
		-1.06232762527465,
		-1.88613110046386,
		10.2859201156616,
		-2.34622623062133,
		-8.19902636375426,
		-2.70822034149168,
		-0.675222716522201,
		5.87801007690431,
		0.752005883026135,
		1.0079047279358,
		-0.783750432586658,
		-0.672160621452319,
		-0.627843325805652,
		-8.75337417373657,
		-2.93554016151427,
		-4.31190117950438,
		3.64002793426515,
		-5.67900885505675,
		-3.28995796585082,
		6.30643464660646,
		-1.98285346765517,
		-1.84030138702391,
		3.1504393890381,
		-2.52255763397216,
		2.45722543067934,
		4.16854659729005,
		-1.62671016159057,
		-1.77283707580565,
		2.06568923797609,
		-0.397059243774404,
		4.74372895812989,
		-1.06230165634155,
		-0.64352213897704,
		0.45174333496095,
		-2.06380233306884,
		0.271267453002942,
		2.67061336669923,
		3.10670655975343,
		-0.675603276252734,
		4.31844704589845,
		-3.26826006469725,
		7.23763381576539,
		1.63627488861085,
		-1.21975837478636,
		-2.18240650005339,
		4.74803617172243,
		-2.52108824996947,
		-3.98241417503356,
		-4.86986202392577,
		-8.05243458557127,
		1.71212243499757,
		0.794908639526377,
		-1.3647759399414,
		-4.80165324783324,
		-2.9578511363983,
		1.72862525024415,
		8.92902248992921,
		7.115517634964,
		1.53195452728273,
		-0.61344313430785,
		2.07218791809083,
		5.6527694466591,
		-0.271143343353259,
		3.21092357044221,
		2.432140914917,
		8.57716392211915,
		-9.68664497346876,
		0.181775462341318,
		8.62468907470704,
		0.570758772277841,
		-4.2965598384857,
		5.11541043090821,
		0.457394498443612,
		-5.37868456268309,
		3.9157591583252,
		-0.293893739032736,
		4.39073684635163,
		7.63382567596437,
		-3.15750157546996,
		1.67370811309816,
		2.62070298099519,
		-10.3132108516693,
		1.87505376892091,
		6.68330093231203,
		1.33309114456178,
		-1.8142906387329,
		3.63663872604371,
		1.76411872940065,
		8.27910965042115,
		-4.7044803659439,
		-3.58865085601806,
		0.605508127594003,
		7.94076236062051,
		4.79878456993104,
		2.28574915008546,
		0.243861785125742,
		0.364668904304516,
		4.05780192871095,
		3.46862941360475,
		-0.691858241271963,
		0.829909417724615,
		3.73990659942628,
		-3.79977178249358,
		-0.397521453857413,
		-6.86887679176329,
		5.05200117607118,
		3.93680499572755,
		-0.67593048973082,
		-5.4718612182617,
		-0.403731292724596,
		-6.1786320701599,
		4.61317219314577,
		-5.19121869506835,
		0.78031536102296,
		3.78610894622804,
		1.01305375289918,
		5.67769999694826,
		2.78068514595034,
		-2.62470512809753,
		7.39612985992433,
		3.6539820213318,
		0.476871033477794,
		6.9268749359131,
		3.3416001022339,
		1.26289744873048,
		6.84838091850282,
		-9.98244891700745,
		6.37484105119707,
		0.456834579467782,
		6.53620374908449,
		-0.865124227905263,
		2.46213705902101,
		1.82033201904298,
		3.27417786788941,
		2.04906987953187,
		-1.26120851745604,
		4.14738338871003,
		-4.07274897766112,
		2.85433224792482,
		7.53321010894777,
		-0.256161534881581,
		6.00811550292969,
		2.95942651195527,
		-0.261287083435048,
		6.39010021362306,
		5.27528075561525,
		2.87940609741212,
		1.19058717803956,
		-0.128512447357168,
		3.60325466766358,
		3.34359122467043,
		8.46956604843141,
		1.52002805118562,
		3.40800317535402,
		-2.23156693115233,
		4.49608142395021,
		2.17677892990114,
		-1.29645357208251,
		7.88542424583436,
		-4.0043992242813,
		7.51756931228639,
		0.949148234558115,
		5.6921469734192,
		1.34413543472291,
		1.43251409378053,
		5.78883808746339,
		2.6542687652588,
		-3.00750750045775,
		3.93680628585817,
		4.22405678100588,
		4.42491539154054,
		2.62599269256593,
		-0.469307463073723,
		3.31677450561524,
		2.7859229576111,
		2.59765852050783,
		0.357073881149301,
		-1.58055996665954,
		2.50564609107972,
		1.05424600448609,
		3.46293532867433,
		2.36974697265626,
		7.6633370162964,
		-2.56607436447143,
		1.84380294365884,
		3.78280426597596,
		6.34567638549806,
		6.05998793106081,
		3.85135036621096,
		7.64622935485841,
		-0.0747218807220336,
		3.58130681457521,
		-3.14814099807738,
		3.15727971458436,
		-1.74702441787719,
		1.29404280776979,
		9.24626523590089,
		1.78471398391725,
		3.75315247650148,
		-0.994638702392567,
		4.10204411315919,
		0.472468561553966,
		-3.18047159652709,
		-0.0360666000366083,
		-0.0363036523342013,
		-0.987554000854481,
		7.63284869689943,
		5.74763383560182,
		3.28004394321443,
		2.08900293579103,
		6.9609167831421,
		-0.943453713989248,
		4.77195489234925,
		-0.679522618246068,
		5.75016848716737,
		2.81897912979127,
		-2.62511975822448,
		2.66346183967592,
		3.95691091194155,
		4.79558126945497,
		5.94088084030152,
		5.10088692474366,
		2.16810083675386,
		7.25671228485109,
