{
	"best_avg_episode": 0,
	"best_avg_reward": -1000000000.0,
	"episode": 40,
	"episodes_rewards": [
		7.146301848842,
		4.3076534015632,
		9.52780800730186,
		9.67233430158957,
		7.87025307692382,
		2.14552066032326,
		9.10568763909884,
		8.68819893030358,
		9.468992686096,
		6.48962383912863,
		6.20189113102448,
		1.99419748599056,
		7.8618312192701,
		7.08515312256942,
		7.3400763153408,
		6.14870431452067,
		11.2178863234902,
		4.27917327950599,
		11.3396163256049,
		7.28427872416434,
		11.2166308217568,
		4.76051637653876,
		9.31425333799321,
		5.84226043880731,
		7.75863903864701,
		6.47380514816857,
		10.1320579748017,
		11.4869895020555,
		1.41463075908141,
		5.53571453219521,
		4.88020192507344,
		7.33873128615076,
		4.36906146768894,
		7.41317188780988,
		4.18012179963986,
		3.59010835011586,
		4.73342417687551,
		7.31693083320006,
		5.37933062873182,
		4.25334250442216
	]
}