{
    "best_avg_reward": 54.071506857162014,
    "episode_rewards": [
        -76.4717373872163,
        46.1598725958686,
        71.9020569813306,
        249.396191066005,
        44.6848370042697,
        26.2985838372926,
        104.930691290224,
        94.884138403595,
        -5.72369115850982,
        -6.75340026896517,
        -3.52975755159781,
        91.661947404229,
        33.4178407328692,
        -26.2570275865815,
        16.634312084726,
        15.2327734049444,
        18.832901694444,
        -28.5175946456132,
        2.79930464353569,
        20.2177893598275,
        70.4521938899374,
        -37.7907547115292,
        23.0491446533722,
        -23.8740733787936,
        188.526443274049,
        39.8446888852975,
        158.018513750341,
        17.348194292589,
        -61.5537318089766,
        -29.5360206360412,
        37.9814180774164,
        24.3910167450148,
        63.1417197770668,
        83.9814047613553,
        -43.9492195388707,
        29.521347375023,
        111.086144542969,
        -22.8616457813857,
        50.2236620721239,
        36.9301824282629,
        9.16832113924143,
        -12.6406335745964,
        -5.30412041508963,
        -3.47248963901974,
        61.2082811110807,
        85.3552501055035,
        173.995928133169,
        -7.33843939945225,
        48.8359783135171,
        41.9544604741924,
        -23.7604331085648,
        115.266289068736,
        56.4084864188217,
        45.200121819041,
        22.3941204373097,
        5.54997329115691,
        10.1067639182428,
        -18.3396411383891,
        97.2419951328415,
        98.9363642741947,
        30.4420912625234,
        30.9603409088219,
        11.5849832761115,
        41.7106728913236,
        19.7701906632797,
        32.9259975865843,
        11.573591231469,
        163.41166734367,
        65.0564046912082,
        77.9538204526392,
        -2.34012092358074,
        58.8304075036027,
        -30.7634540476619,
        -28.2980773012024,
        104.624223920165,
        151.803779835702,
        57.9272500042081,
        80.9296938748914,
        50.9409201587479,
        82.5973416451737,
        100.230503428087,
        6.81480115703759,
        49.7801183323728,
        20.5756043345767,
        24.1304693166602,
        23.0325866324838,
        -71.4646147250051,
        87.0538395635202,
        -15.6057972053325,
        -61.6976711164941,
        -57.8423699096914,
        70.7640152273878,
        102.366316936638,
        -123.041096393169,
        45.4711508741392,
        -18.2385365853766,
        32.6037136656295,
        -16.2485550453903,
        13.0433529898114,
        84.1909169506063,
        70.1602780004827,
        54.5910780795203,
        166.248145461789,
        15.3149887201037,
        -4.26500001084325,
        38.9340719492051,
        -104.661923334084,
        268.927102794952,
        28.7135436022263,
        53.6189765783803,
        -78.2846803047046,
        7.8074872074843,
        84.3651257296356,
        28.3661164353833,
        151.404231675708
    ]
}