{
	"best_avg_episode": 188,
	"best_avg_reward": 5099.35114927841,
	"best_episode_rewards": [
		617.556835169604,
		617.556835169604,
		1581.77697253096,
		1581.77697253096,
		1581.77697253096,
		1581.77697253096,
		1581.77697253096,
		1581.77697253096,
		1581.77697253096,
		1581.77697253096,
		1581.77697253096,
		2227.43048445058,
		3947.33998499962,
		3947.33998499962,
		3947.33998499962,
		3947.33998499962,
		3947.33998499962,
		3947.33998499962,
		3947.33998499962,
		3947.33998499962,
		3947.33998499962,
		3947.33998499962,
		3947.33998499962,
		3947.33998499962,
		3947.33998499962,
		3947.33998499962,
		3947.33998499962,
		3947.33998499962,
		3947.33998499962,
		3947.33998499962,
		3947.33998499962,
		3947.33998499962,
		3947.33998499962,
		3947.33998499962,
		3947.33998499962,
		3947.33998499962,
		3947.33998499962,
		3947.33998499962,
		3947.33998499962,
		3947.33998499962,
		3947.33998499962,
		3947.33998499962,
		3947.33998499962,
		3947.33998499962,
		3947.33998499962,
		3947.33998499962,
		3947.33998499962,
		3947.33998499962,
		3947.33998499962,
		3947.33998499962,
		3947.33998499962,
		3947.33998499962,
		3947.33998499962,
		3947.33998499962,
		3947.33998499962,
		3947.33998499962,
		3947.33998499962,
		3947.33998499962,
		3947.33998499962,
		3947.33998499962,
		3947.33998499962,
		3947.33998499962,
		3947.33998499962,
		3947.33998499962,
		3947.33998499962,
		3947.33998499962,
		3947.33998499962,
		3947.33998499962,
		3947.33998499962,
		3947.33998499962,
		3947.33998499962,
		3947.33998499962,
		3947.33998499962,
		3947.33998499962,
		3947.33998499962,
		3947.33998499962,
		3947.33998499962,
		3947.33998499962,
		3947.33998499962,
		3947.33998499962,
		3947.33998499962,
		3947.33998499962,
		3947.33998499962,
		3947.33998499962,
		3947.33998499962,
		3947.33998499962,
		3947.33998499962,
		3947.33998499962,
		3947.33998499962,
		3947.33998499962,
		3947.33998499962,
		3947.33998499962,
		3947.33998499962,
		3947.33998499962,
		3947.33998499962,
		3947.33998499962,
		3947.33998499962,
		5046.03775109449,
		5046.03775109449,
		5046.03775109449,
		5046.03775109449,
		5046.03775109449,
		5046.03775109449,
		5046.03775109449,
		5046.03775109449,
		5046.03775109449,
		5046.03775109449,
		5046.03775109449,
		5046.03775109449,
		5046.03775109449,
		5046.03775109449,
		5046.03775109449,
		5046.03775109449,
		5046.03775109449,
		5046.03775109449,
		5046.03775109449,
		5046.03775109449,
		5046.03775109449,
		5046.03775109449,
		5046.03775109449,
		5046.03775109449,
		5046.03775109449,
		5046.03775109449,
		5046.03775109449,
		5046.03775109449,
		5046.03775109449,
		5046.03775109449,
		5046.03775109449,
		5046.03775109449,
		5046.03775109449,
		5046.03775109449,
		5046.03775109449,
		5046.03775109449,
		5046.03775109449,
		5046.03775109449,
		5046.03775109449,
		5046.03775109449,
		5046.03775109449,
		5046.03775109449,
		5046.03775109449,
		5046.03775109449,
		5046.03775109449,
		5046.03775109449,
		5046.03775109449,
		5046.03775109449,
		5046.03775109449,
		5046.03775109449,
		5046.03775109449,
		5046.03775109449,
		5046.03775109449,
		5046.03775109449,
		5046.03775109449,
		5046.03775109449,
		5046.03775109449,
		5046.03775109449,
		5046.03775109449,
		5046.03775109449,
		5046.03775109449,
		5046.03775109449,
		5046.03775109449,
		5046.03775109449,
		5046.03775109449,
		5046.03775109449,
		5046.03775109449,
		5046.03775109449,
		5046.03775109449,
		5046.03775109449,
		5046.03775109449,
		5046.03775109449,
		5046.03775109449,
		5046.03775109449,
		5046.03775109449,
		5046.03775109449,
		5046.03775109449,
		5046.03775109449,
		5046.03775109449,
		5046.03775109449,
		5046.03775109449,
		5046.03775109449,
		5046.03775109449,
		5046.03775109449,
		5046.03775109449,
		5046.03775109449,
		5046.03775109449,
		5046.03775109449,
		5046.03775109449,
		5046.03775109449,
		5046.03775109449,
		5099.35114927841,
		5099.35114927841,
		5099.35114927841,
		5099.35114927841,
		5099.35114927841,
		5099.35114927841,
		5099.35114927841,
		5099.35114927841,
		5099.35114927841,
		5099.35114927841,
		5099.35114927841,
		5099.35114927841,
		5099.35114927841,
		5099.35114927841,
		5099.35114927841,
		5099.35114927841,
		5099.35114927841,
		5099.35114927841,
		5099.35114927841,
		5099.35114927841,
		5099.35114927841,
		5099.35114927841,
		5099.35114927841,
		5099.35114927841,
		5099.35114927841,
		5099.35114927841,
		5099.35114927841,
		5099.35114927841,
		5099.35114927841,
		5099.35114927841,
		5099.35114927841,
		5099.35114927841,
		5099.35114927841,
		5099.35114927841,
		5099.35114927841,
		5099.35114927841,
		5099.35114927841,
		5099.35114927841,
		5099.35114927841,
		5099.35114927841,
		5099.35114927841,
		5099.35114927841,
		5099.35114927841,
		5099.35114927841,
		5099.35114927841,
		5099.35114927841,
		5099.35114927841,
		5099.35114927841,
		5099.35114927841,
		5099.35114927841,
		5099.35114927841,
		5099.35114927841,
		5099.35114927841,
		5099.35114927841,
		5099.35114927841,
		5099.35114927841,
		5099.35114927841,
		5099.35114927841,
		5099.35114927841,
		5099.35114927841,
		5099.35114927841,
		5099.35114927841,
		5099.35114927841,
		5099.35114927841,
		5099.35114927841,
		5099.35114927841,
		5099.35114927841,
		5099.35114927841,
		5099.35114927841,
		5099.35114927841,
		5099.35114927841,
		5099.35114927841,
		5099.35114927841,
		5099.35114927841,
		5099.35114927841,
		5099.35114927841,
		5099.35114927841,
		5099.35114927841,
		5099.35114927841,
		5099.35114927841,
		5099.35114927841,
		5099.35114927841,
		5099.35114927841,
		5099.35114927841,
		5099.35114927841,
		5099.35114927841,
		5099.35114927841,
		5099.35114927841,
		5099.35114927841,
		5099.35114927841,
		5099.35114927841,
		5099.35114927841,
		5099.35114927841,
		5099.35114927841,
		5099.35114927841,
		5099.35114927841,
		5099.35114927841,
		5099.35114927841,
		5099.35114927841,
		5099.35114927841,
		5099.35114927841,
		5099.35114927841,
		5099.35114927841,
		5099.35114927841,
		5099.35114927841,
		5099.35114927841,
		5099.35114927841,
		5099.35114927841,
		5099.35114927841,
		5099.35114927841,
		5099.35114927841,
		5099.35114927841,
		5099.35114927841,
		5099.35114927841,
		5099.35114927841,
		5099.35114927841,
		5099.35114927841,
		5099.35114927841,
		5099.35114927841,
		5099.35114927841,
		5099.35114927841,
		5099.35114927841,
		5099.35114927841,
		5099.35114927841,
		5099.35114927841,
		5099.35114927841,
		5099.35114927841,
		5099.35114927841,
		5099.35114927841,
		5099.35114927841,
		5099.35114927841,
		5099.35114927841,
		5099.35114927841,
		5099.35114927841,
		5099.35114927841,
		5099.35114927841,
		5099.35114927841,
		5099.35114927841,
		5099.35114927841,
		5099.35114927841,
		5099.35114927841,
		5099.35114927841,
		5099.35114927841,
		5099.35114927841,
		5099.35114927841,
		5099.35114927841,
		5099.35114927841,
		5099.35114927841,
		5099.35114927841,
		5099.35114927841,
		5099.35114927841,
		5099.35114927841,
		5099.35114927841,
		5099.35114927841,
		5099.35114927841,
		5099.35114927841,
		5099.35114927841,
		5099.35114927841,
		5099.35114927841,
		5099.35114927841,
		5099.35114927841,
		5099.35114927841,
		5099.35114927841,
		5099.35114927841,
		5099.35114927841,
		5099.35114927841,
		5099.35114927841,
		5099.35114927841,
		5099.35114927841,
		5099.35114927841,
		5099.35114927841,
		5099.35114927841,
		5099.35114927841,
		5099.35114927841,
		5099.35114927841,
		5099.35114927841,
		5099.35114927841,
		5099.35114927841,
		5099.35114927841,
		5099.35114927841,
		5099.35114927841,
		5099.35114927841,
		5099.35114927841,
		5099.35114927841,
		5099.35114927841,
		5099.35114927841,
		5099.35114927841,
		5099.35114927841,
		5099.35114927841,
		5099.35114927841,
		5099.35114927841,
		5099.35114927841,
		5099.35114927841,
		5099.35114927841,
		5099.35114927841,
		5099.35114927841,
		5099.35114927841
	],
	"boss_wins": 25,
	"episode": 385,