{
	"best_avg_episode": 39,
	"best_avg_reward": -10.6141663011532,
	"episode": 922,
	"episodes_rewards": [
		-16.9892983255947,
		-18.7189737309595,
		-18.9882990728201,
		-19.1126462073069,
		-17.9719129454452,
		-12.0134272149576,
		-16.7480148723466,
		-16.0943464342729,
		-14.0910437489681,
		-15.7595332032718,
		-16.5004703530068,
		-14.6936186315743,
		-14.7999581002136,
		-15.8013527048748,
		-16.7616544704131,
		-14.9402829839787,
		-15.6702748664525,
		-15.3659001567114,
		-17.8155089658909,
		-15.7930510286424,
		-12.673625600504,
		-13.560529044045,
		-16.5249535733211,
		-11.1932836572601,
		-16.2304573235156,
		-15.0911508656412,
		-17.9011182196186,
		-16.2713974885631,
		-17.9962766496768,
		-17.8499394185736,
		-13.405564720386,
		-14.9751709774848,
		-17.0809821053099,
		-18.1424154714182,
		-17.6632114885121,
		-17.0212050011463,
		-16.5900174602949,
		-14.3446825525982,
		-12.8686592203447,
		-10.6141663011532,
		-16.4330269505386,
		-17.1015519541945,
		-15.7775131912559,
		-10.9687477279074,
		-17.112312388878,
		-16.5903285080002,
		-14.9231485972465,
		-13.1950921556155,
		-10.9278214455582,
		-10.8883590908102,
		-12.4108344419638,
		-17.4098686927386,
		-17.0259095204177,
		-16.5549924194485,
		-17.026044481961,
		-16.8449086868282,
		-14.6618259552561,
		-18.2594614236781,
		-17.1724717209465,
		-17.5113678420199,
		-16.2317521775133,
		-18.8729627773575,
		-15.5379134117825,
		-17.0488664094732,
		-18.4706126456664,
		-20.4162369860557,
		-19.463012878916,
		-17.6005972879261,
		-18.2315729775394,
		-18.9247979970684,
		-17.4000655885244,
		-17.6191371110629,
		-16.3094048332013,
		-17.9261104311713,
		-16.5652531120686,
		-16.54451861697,
		-16.8498992474714,
		-18.3829052857416,
		-16.6776274803373,
		-17.0236712853365,
		-15.3014334328263,
		-17.3207049992401,
		-14.3364807109597,
		-17.3181342472407,
		-17.5117101261059,
		-18.0898708442233,
		-17.5954674994761,
		-16.7708765759026,
		-17.0029177781044,
		-18.022532050515,
		-17.4932608658604,
		-17.5615526438302,
		-14.449870583791,
		-18.0904061425451,
		-16.1161561046088,
		-17.4235111328649,
		-17.2113384227088,
		-16.194840762046,
		-16.747613935437,
		-16.5835857739097,
		-15.1709919831886,
		-17.2822984837306,
		-17.5800979698437,
		-18.4147524076752,
		-17.0148642420016,
		-17.5632735481607,
		-18.4426976354852,
		-18.2762161917697,
		-18.1949363649156,
		-17.5855022757471,
		-18.0613370662828,
		-20.7477877467046,
		-17.6141364063253,
		-18.6663559146404,
		-18.3715169349946,
		-18.3286756748678,
		-17.9857418516903,
		-16.5439715392853,
		-18.9258643441795,
		-18.266595232687,
		-18.275850609874,
		-19.6110905185948,
		-19.2257479388657,
		-18.8050134995605,
		-19.0367169899854,
		-19.1024147824157,
		-19.1907317761405,
		-19.0934878013314,
		-17.8246829486071,
		-17.989055094779,
		-19.3149920921144,
		-17.208409126846,
		-17.2391128989596,
		-19.1123745084429,
		-16.0430323420267,
		-17.9854934221545,
		-18.1181639575857,
		-16.8451050892708,
		-18.0209522180749,
		-18.25742699624,
		-16.3278755509269,
		-17.4936704611655,
		-17.343867437074,
		-17.8862879676145,
		-16.8299773303563,
		-17.3580166308129,
		-17.7497242035327,
		-17.6607063993109,
		-17.6856524053664,
		-18.119391955881,
		-18.6394282929447,
		-18.0582853812709,
		-18.3002966821724,
		-18.4241724707585,
		-18.3216187768288,
		-18.0770780914965,
		-18.4951847170047,
		-18.7003298712367,
		-18.3532988282776,
		-17.5173540105758,
		-18.1914130320903,
		-18.8867565068494,
		-18.2808454010361,
		-18.3257254921836,
		-19.1484160027818,
		-19.684623443702,
		-18.977567485798,
		-20.7247702723653,
		-18.2688935816353,
		-20.6979640127955,
		-23.3098130017158,
		-18.3961936974082,
		-22.4276107295381,
		-19.7405222233438,
		-20.3851221240784,
		-18.9380125880852,
		-19.5768847237573,
		-19.8965999064772,
		-20.5418857663175,
		-16.2867061158061,
		-16.5574376392035,
		-16.054509988617,
		-18.181698087107,
		-19.5184378267057,
		-16.8840656874998,
		-16.6191870104946,
		-18.6886975808539,
		-17.0556142990046,
		-16.8771641950497,
		-16.8589902360488,
		-17.0475228787688,
		-20.5148699026738,
		-19.8798872534975,
		-21.6830916492828,
		-21.8610172178471,
		-19.9688179329207,
		-22.4150455303175,
		-18.8855529811359,
		-22.9390030296941,
		-22.1878227627351,
		-21.4889233891604,
		-20.9099450745242,
		-23.9013470704175,
		-19.1828583791855,
		-21.4043677245725,
		-20.5113526870362,
		-21.2775597490244,
		-20.0900004279498,
		-25.4493163207957,
		-25.0570176257581,
		-22.7884077780699,
		-24.2893451300107,
		-21.0851868281547,
		-23.8113650607508,
		-20.830332417488,
		-21.4534092225151,
		-23.4889165061345,
		-21.1431594499581,
		-21.7161848047638,
		-22.175304452164,
		-25.0486291457576,
		-21.5803416414102,
		-23.3852473548483,
		-20.9653533350904,
		-20.9498518238517,
		-19.9753355452188,
		-22.4653276677788,
		-22.2021092881248,
		-23.9280512798544,
		-23.6578667690152,
		-21.9870169015563,
		-22.7201502944913,
		-21.5783284174813,
		-23.1255220770059,
		-21.6234817199188,
		-19.8194601060118,
		-25.1819376662722,
		-21.2791813918369,
		-22.2051781368818,
		-23.337441797999,
		-21.5724344766057,
		-21.9643259393333,
		-20.5840039510356,
		-21.8685677115801,
		-21.5258016486481,
		-25.4249453329343,
		-21.8884751577132,
		-21.0190944727433,
		-22.1139229596293,
		-21.0746481738215,
		-22.6932529087661,
		-23.1553447676153,
		-22.6538083173459,
		-20.9256980576404,
		-26.263268506383,
		-22.4347615608658,
		-26.1520330540916,
		-24.1613945183244,
		-24.0732849545846,
		-21.5201028665973,
		-24.1515053380111,
		-23.9449129360811,
		-23.5660265220039,
		-22.6176823508813,
		-25.601437278974,
		-24.0995871234574,
		-23.7339117559318,
		-21.5970942106275,
		-24.7799428564411,
		-22.9472903213637,
		-22.7351860944285,
		-21.1976339064648,
		-25.1214858982864,
		-26.4670732690774,
		-25.0484050906861,
		-25.4562838516874,
		-24.7467463749681,
		-25.0073469570151,
		-23.5511177024587,
		-24.0345581046574,
		-21.862744175752,
		-23.2747577181693,
		-25.7009380098284,
		-22.3808924220721,
		-23.2875432456688,
		-22.7823048980323,
		-22.633751934815,
		-25.6345781196411,
		-22.0754898026619,
		-22.2479156580725,
		-23.6669778507635,
		-23.4101430554438,
		-24.2788035747387,
		-23.647557971048,
		-23.2383216598916,
		-22.746489629778,
		-22.1496905794655,
		-22.7931845409477,
		-22.3406113958796,
		-23.3537785535132,
		-23.1254393334216,
		-23.3830364530804,
		-24.0634471645105,
		-21.8984609959641,
		-24.1366485177151,
		-21.9184450659255,
		-22.9688124488145,
		-22.6981120653572,
		-24.2323581423156,
		-23.0397372908893,
		-24.2331327718815,
		-23.0456806849018,
		-23.6895705207163,
		-21.861814573829,
		-22.9298349915872,
		-23.1830724794658,
		-21.3965530894907,
		-25.858019165545,
		-24.3888786604923,
		-23.2456760546981,
		-26.264713034393,
		-24.7669041566737,
		-21.8210083377637,
		-24.6442982353036,
		-26.5507889043487,
		-25.1170551740285,
		-21.1314319391428,
		-23.127062100735,
		-22.3915649364256,
		-24.6135256297855,
		-24.5554599450625,
		-23.461341103495,
		-23.8983018778261,
		-22.5776029645709,
		-20.2915367281381,
		-23.1025648901047,
		-19.9251140255734,
		-23.5654385133102,
		-24.4060642084008,
		-21.8055863901399,
		-22.9967231028227,
		-23.0713915442653,
		-20.4777108883355,
		-23.7657511039343,
		-20.9809010403041,
		-23.1926995738083,
		-22.6781501327076,
		-22.4361367713616,
		-24.511511581775,
		-20.9913842561781,
		-22.381565529555,
		-23.9642487090286,
		-24.4143448854981,
		-22.1155602998556,
		-23.7925080300952,
		-21.3368986358831,
		-24.392170054147,
		-24.1072384488188,
		-21.9748017488668,
		-21.8348916222703,
		-21.3173614524727,
		-24.9008652563993,
		-25.0517326836792,
		-17.7946565737587,
		-22.4081998436467,
		-21.9382187475872,
		-20.0026900025754,
		-24.0451172027714,
		-21.8800647765139,
		-20.4802542618256,
		-20.8482123855825,
		-18.4815159602585,
		-20.8367667836198,
		-18.7488937513642,
		-21.5740349933406,
		-19.543475934682,
		-20.8238390593637,
