{
	"best_avg_episode": 0,
	"best_avg_reward": -1000000000.0,
	"episode": 143,
	"episodes_rewards": [
		-8.99999999999985,
		-8.40999999999988,
		-5.06999999999995,
		-5.77999999999994,
		-6.37999999999992,
		-5.40999999999995,
		-6.33999999999993,
		-6.03999999999993,
		-7.14999999999992,
		-9.07999999999987,
		-6.98999999999991,
		-5.41999999999995,
		-9.89999999999985,
		-8.92999999999988,
		-7.03999999999992,
		-9.45999999999985,
		-8.0499999999999,
		-6.00999999999994,
		-5.52999999999994,
		-4.56999999999996,
		-6.75999999999992,
		-8.76999999999987,
		-5.33999999999995,
		-6.01999999999993,
		-5.46999999999994,
		-7.10999999999991,
		-8.64999999999988,
		-6.10999999999993,
		-4.73999999999995,
		-8.24999999999989,
		-8.05999999999989,
		-7.7599999999999,
		-5.97999999999994,
		-9.88999999999986,
		-9.94999999999985,
		-8.97999999999987,
		-8.28999999999989,
		-9.89999999999985,
		-8.49999999999988,
		-8.70999999999988,
		-9.29999999999986,
		-7.9699999999999,
		-9.69999999999985,
		-7.9299999999999,
		-6.17999999999994,
		-6.80999999999993,
		-8.30999999999989,
		-6.97999999999991,
		-7.4499999999999,
		-6.91999999999992,
		-8.37999999999988,
		-9.69999999999985,
		-5.08999999999995,
		-8.35999999999988,
		-6.13999999999993,
		-9.69999999999985,
		-8.34999999999989,
		-9.19999999999987,
		-5.00999999999995,
		-5.66999999999994,
		-7.2699999999999,
		-9.29999999999986,
		-5.61999999999994,
		-4.90999999999996,
		-5.59999999999994,
		-8.77999999999987,
		-9.39999999999985,
		-9.12999999999987,
		-8.42999999999988,
		-9.30999999999986,
		-9.69999999999986,
		-8.24999999999989,
		-4.62999999999996,
		-4.34999999999997,
		-6.82999999999991,
		-4.86999999999996,
		-6.60999999999992,
		-4.98999999999995,
		-7.38999999999991,
		-7.5799999999999,
		-7.01999999999991,
		-5.76999999999994,
		-9.54999999999986,
		-8.32999999999989,
		-3.08999999999998,
		-6.06999999999993,
		-5.36999999999994,
		-6.13999999999993,
		-5.25999999999995,
		-7.9699999999999,
		-9.89999999999985,
		-6.29999999999993,
		-9.69999999999986,
		-5.44999999999995,
		-5.97999999999993,
		-4.88999999999995,
		-7.24999999999991,
		-5.16999999999995,
		-4.43999999999996,
		-9.69999999999985,
		-9.69999999999986,
		-5.62999999999994,
		-5.48999999999995,
		-6.52999999999992,
		-7.20999999999991,
		-8.54999999999988,
		-8.61999999999988,
		-9.79999999999985,
		-4.73999999999996,
		-9.79999999999984,
		-6.19999999999993,
		-8.52999999999988,
		-9.69999999999985,
		-9.89999999999985,
		-4.91999999999995,
		-9.79999999999985,
		-9.41999999999986,
		-8.75999999999987,
		-4.79999999999995,
		-6.34999999999993,
		-8.50999999999988,
		-5.10999999999995,
		-6.44999999999993,
		-4.05999999999998,
		-5.94999999999993,
		-6.01999999999994,
		-5.31999999999995,
		-2.64,
		-6.96999999999991,
		-3.81999999999997,
		-8.89999999999987,
		-8.64999999999988,
		-9.45999999999986,
		-6.57999999999992,
		-9.89999999999985,
		-7.6599999999999,
		-9.89999999999985,
		-6.89999999999991,
		-9.59999999999985,
		-7.7399999999999,
		-9.49999999999986,
		-9.89999999999985,
		-8.54999999999988
	]
}