{
	"best_avg_episode": 690,
	"best_avg_reward": -7.27760963342111,
	"episode": 713,
	"episodes_rewards": [
		-16.8404907702028,
		-15.2866187780781,
		-17.7355932934745,
		-16.7185150987232,
		-16.8920570329107,
		-17.1480490814649,
		-15.5298199071359,
		-16.6947600997351,
		-17.6506326891316,
		-17.4094438799054,
		-17.3017284601421,
		-17.2559922742624,
		-16.4053770311144,
		-17.1285106997323,
		-17.7345915416897,
		-13.382771714746,
		-17.2391860259641,
		-17.0831052206941,
		-17.0478750626825,
		-17.3999804719341,
		-14.9919814016221,
		-16.4050652247789,
		-18.0299325779395,
		-17.4301845843772,
		-16.5382313102704,
		-11.8365664292131,
		-17.2733290227753,
		-16.7965667894888,
		-17.3480413555198,
		-17.5040086068756,
		-17.5322616862525,
		-17.1884750158571,
		-17.6783335294073,
		-17.236096567894,
		-17.0834595356084,
		-17.2021516869291,
		-17.3528680848255,
		-17.0735899765572,
		-15.1171530192454,
		-17.3313705508623,
		-17.4448243889538,
		-14.8461339543475,
		-14.7871388340503,
		-17.0521277454492,
		-16.5792264734803,
		-17.3670791746216,
		-17.3179827761727,
		-11.7080314001021,
		-17.7974767452857,
		-15.2411489483043,
		-17.9842448432895,
		-17.6113405581221,
		-17.7532206967612,
		-18.4781709068727,
		-18.2304879667044,
		-17.8109242249647,
		-17.8858694551527,
		-17.8642366064764,
		-18.7829281108482,
		-18.3345882767369,
		-18.2378304943577,
		-18.3326787386137,
		-18.3991476776127,
		-13.2926468558409,
		-18.1918344335454,
		-18.0823195536717,
		-17.5707973747918,
		-18.4972653717566,
		-17.6392813829735,
		-17.9166808974518,
		-18.3153629893395,
		-17.7814963797284,
		-17.9366687587523,
		-18.3029305703799,
		-17.9325815634667,
		-17.9741867313803,
		-18.1461526827676,
		-17.5906917480233,
		-18.688158662825,
		-18.904859680754,
		-18.0067708853792,
		-18.2480552371449,
		-18.2334430376384,
		-18.1757890989236,
		-18.0357668038052,
		-17.9918724540034,
		-17.8738333165362,
		-18.3521876275531,
		-18.3973890371461,
		-18.352693829216,
		-17.7792815892746,
		-18.3706710847061,
		-18.0724599883236,
		-18.2289690410186,
		-18.1908113366389,
		-17.9010520405817,
		-18.1574145939658,
		-17.9225755337185,
		-18.4408392395424,
		-17.462297036423,
		-17.6120739358138,
		-19.0778136521345,
		-19.1326197884305,
		-19.0505250961742,
		-18.6683339230398,
		-18.9881961197373,
		-18.7564144799038,
		-18.9187439084328,
		-18.8012620975434,
		-19.2238683506506,
		-19.0226503372566,
		-18.9769325719546,
		-18.6500726772086,
		-18.6725635890749,
		-18.5483473206144,
		-18.7569544458945,
		-19.0571004792542,
		-18.9277675310036,
		-18.9323903732908,
		-19.185388049261,
		-19.1626643528426,
		-18.8651138805968,
		-18.7469973517958,
		-19.1271135392306,
		-18.7869953649808,
		-18.964602083541,
		-18.7021855601402,
		-18.865487549051,
		-18.9062171493889,
		-18.7781489983706,
		-19.0794746358928,
		-19.1157914138635,
		-18.8408776418482,
		-18.7357524642754,
		-18.736439061684,
		-19.1455928800194,
		-18.7788953164116,
		-18.6767557037718,
		-18.8835699766767,
		-18.9917806332859,
		-18.7815566244069,
		-18.9399049030422,
		-18.7490631776541,
		-18.7575205240479,
		-18.855399664672,
		-19.0116473302573,
		-18.6350287902417,
		-19.2139502231994,
		-18.7920040655055,
		-18.7094720627005,
		-18.8844306574953,
		-19.031503960491,
		-18.9107657247703,
		-19.2385701185808,
		-18.9276924103611,
		-19.0259630240948,
		-19.044840651582,
		-18.8115298263028,
		-19.3427919999929,
		-13.7116173957584,
		-19.1604602033754,
		-18.7708159143978,
		-18.7438496407313,
		-19.2253215321374,
		-18.5136104021574,
		-18.807933517136,
		-19.0228521772974,
		-18.4068292151233,
		-18.5686425501663,
		-18.9963336354816,
		-19.2431302270113,
		-19.07460949861,
		-18.5559501180072,
		-18.6748902954435,
		-18.8175217795687,
		-18.6788575606582,
		-18.7245084926555,
		-19.1761549671076,
		-18.7703896942363,
		-19.2802638071273,
		-18.5325482819109,
		-18.8603118346327,
		-18.6617731612194,
		-18.8964647626821,
		-18.9491816641254,
		-18.7364868288767,
		-13.356082672226,
		-18.7632322907601,
		-19.1772319800471,
		-19.0109805148509,
		-18.7437083517532,
		-18.9988405495437,
		-18.9539734566139,
		-19.0060603266708,
		-18.7742011224001,
		-19.0920948751636,
		-18.9969076173232,
		-18.8083880892355,
		-18.8076624252912,
		-19.1329718899277,
		-18.9695471837235,
		-18.8827181479434,
		-18.6722752343845,
		-19.0948848937469,
		-18.7615295197478,
		-18.6273099331506,
		-18.4871130201331,
		-18.9682343192676,
		-19.1794335763438,
		-18.868814402617,
		-19.2650945891388,
		-19.0716511035512,
		-19.1735473477156,
		-18.9783350133529,
		-18.8382559137417,
		-19.2137376208761,
		-18.8694475451005,
		-18.5924560599296,
		-19.0359780867201,
		-19.1645347270444,
		-18.9734865290577,
		-18.9990604753713,
		-18.7931632538095,
		-18.8895554678002,
		-19.2011141394306,
		-19.2291950467243,
		-18.7849738184142,
		-18.940605141896,
		-18.9881812288256,
		-18.7155355632244,
		-18.7273558163335,
		-18.9285212261381,
		-19.1084520439421,
		-18.802017463178,
		-18.6394336889781,
		-18.8918762808505,
		-18.8063076575523,
		-18.9087155492858,
		-18.8084302750605,
		-18.6557304567901,
		-18.7081242949623,
		-19.0395860174528,
		-18.9700472815055,
		-19.2369282744283,
		-18.8328406284074,
		-18.9539074843948,
		-19.2061125660947,
		-18.8515294572322,
		-18.9619214978755,
		-19.1302132582764,
		-19.1004546126952,
		-13.7370562899085,
		-18.8312387337774,
		-19.0418740070345,
		-18.8522248262835,
		-18.7965807766767,
		-19.1460372999394,
		-19.2905465942862,
		-18.6944266141859,
		-18.9935265398346,
		-18.8703415784471,
		-18.7927344207474,
		-19.006207709849,
		-18.8324718575959,
		-18.7858429045572,
		-18.866120954862,
		-19.3004904410737,
		-18.971005955321,
		-19.212244157065,
		-19.0501152410181,
		-13.6357335912883,
		-19.0292736679707,
		-18.7273912063316,
		-18.7025343258184,
		-18.7476965625575,
		-18.7498749399551,
		-19.0956394714528,
		-18.6567288224324,
		-19.2241184665831,
		-19.0716032015315,
		-19.1711131073356,
		-18.8747005037977,
		-18.6500910371456,
		-19.3934266111053,
		-19.0600837800763,
		-19.276350481099,
		-18.7040279519339,
		-19.0776246370137,
		-19.1021207561404,
		-18.886075303356,
		-19.0344676555116,
		-18.7100873278715,
		-18.9948683377936,
		-18.8592578551467,
		-19.2544530233985,
		-18.8631709505101,
		-18.8483020877539,
		-18.9576392979284,
		-18.977858878181,
		-19.1256673651823,
		-13.8246510799833,
		-18.7264725463176,
		-18.9605974255049,
		-19.0890321408784,
		-19.1990424610094,
		-18.784195865283,
		-18.7103465949176,
		-18.8829621921174,
		-18.5079747110731,
		-18.9956464899527,
		-18.6347390520326,
		-19.0417658041719,
		-19.0475662604798,
		-19.3131330753455,
		-18.7778028385119,
		-18.9120763436589,
		-19.0244536944464,
		-19.1729514295629,
		-18.6888698053708,
		-18.8953800909372,
		-18.9960157430464,
		-18.8258791878265,
		-18.9965351380804,
		-18.858336652637,
		-18.8233233192832,
		-18.9373224159503,
		-18.8105829299063,
		-18.9468876025505,
		-18.7941894027201,
		-19.0512128460098,
		-18.8268297647368,
		-18.9389980129764,
		-18.6707011665671,
		-18.8828144394231,
		-19.1130632967082,
		-19.0539815773715,
		-18.9600484549754,
		-19.0131169842728,
		-18.7212533181594,
		-18.8665491009476,
		-18.9185201065367,
		-18.770884333484,
		-19.2848529277423,
		-18.7937115927303,
		-18.6955692703989,
		-19.0994765585844,
		-19.1789315093357,
		-19.0305131467047,
		-19.0001515920272,
		-19.0115222715588,
		-18.7558941287558,
		-18.5231007406921,
		-18.8511067980818,
		-18.9977447230715,
		-18.944491466536,
		-18.790992857515,
		-19.1816209393954,
		-18.8633681216076,
		-18.754642993792,
		-19.0084992846644,
		-18.4936916140674,
		-19.1238123453722,
		-13.8470251687757,
		-15.7815521359008,
		-19.2230506787842,
		-19.317068635879,
		-19.2957287910147,
		-18.9046819273272,
		-18.6069586795307,
		-18.6413919320796,
		-18.7585722258437,
		-19.0119066202161,
		-19.1470526555597,
		-19.17405717468,
		-18.9552698329328,
		-18.8290025172873,
		-18.8335274227977,
