{
	"best_avg_episode": 76.0,
	"best_avg_reward": 7194.36795503497979,
	"best_episode_rewards": [
		1166.51540418628997,
		1166.51540418628997,
		1166.51540418628997,
		1166.51540418628997,
		1166.51540418628997,
		1166.51540418628997,
		1166.51540418628997,
		1166.51540418628997,
		1166.51540418628997,
		1166.51540418628997,
		1166.51540418628997,
		1361.16037244516997,
		1361.16037244516997,
		1361.16037244516997,
		1361.16037244516997,
		1361.16037244516997,
		1361.16037244516997,
		1428.41019410197009,
		1428.41019410197009,
		2996.17850945156988,
		2996.17850945156988,
		2996.17850945156988,
		3772.57043797627011,
		3772.57043797627011,
		3772.57043797627011,
		3772.57043797627011,
		3772.57043797627011,
		3772.57043797627011,
		3772.57043797627011,
		3772.57043797627011,
		3772.57043797627011,
		3772.57043797627011,
		3772.57043797627011,
		3772.57043797627011,
		3772.57043797627011,
		3772.57043797627011,
		3772.57043797627011,
		3772.57043797627011,
		3772.57043797627011,
		3772.57043797627011,
		3772.57043797627011,
		3772.57043797627011,
		3772.57043797627011,
		3772.57043797627011,
		3772.57043797627011,
		3772.57043797627011,
		3772.57043797627011,
		3772.57043797627011,
		3772.57043797627011,
		3772.57043797627011,
		3772.57043797627011,
		3772.57043797627011,
		3772.57043797627011,
		3772.57043797627011,
		3772.57043797627011,
		3772.57043797627011,
		3772.57043797627011,
		3772.57043797627011,
		3772.57043797627011,
		3772.57043797627011,
		3772.57043797627011,
		3772.57043797627011,
		3772.57043797627011,
		3772.57043797627011,
		3772.57043797627011,
		3772.57043797627011,
		3772.57043797627011,
		3772.57043797627011,
		3772.57043797627011,
		3772.57043797627011,
		3772.57043797627011,
		3772.57043797627011,
		3772.57043797627011,
		3772.57043797627011,
		3772.57043797627011,
		3772.57043797627011,
		7194.36795503497979,
		7194.36795503497979,
		7194.36795503497979,
		7194.36795503497979,
		7194.36795503497979,
		7194.36795503497979,
		7194.36795503497979,
		7194.36795503497979,
		7194.36795503497979,
		7194.36795503497979,
		7194.36795503497979,
		7194.36795503497979,
		7194.36795503497979,
		7194.36795503497979,
		7194.36795503497979,
		7194.36795503497979,
		7194.36795503497979,
		7194.36795503497979,
		7194.36795503497979,
		7194.36795503497979,
		7194.36795503497979,
		7194.36795503497979,
		7194.36795503497979,
		7194.36795503497979,
		7194.36795503497979,
		7194.36795503497979,
		7194.36795503497979,
		7194.36795503497979,
		7194.36795503497979,
		7194.36795503497979,
		7194.36795503497979,
		7194.36795503497979,
		7194.36795503497979,
		7194.36795503497979,
		7194.36795503497979,
		7194.36795503497979,
		7194.36795503497979,
		7194.36795503497979,
		7194.36795503497979,
		7194.36795503497979,
		7194.36795503497979,
		7194.36795503497979,
		7194.36795503497979
	],
	"boss_wins": 3.0,
	"episode": 119.0,
	"episodes_rewards": [
		1166.51540418628997,
		458.326023252230016,
		768.305970288736944,
		731.67729224639902,
		530.45728062272201,
		234.274406095726988,
		1115.39847158962993,
		95.9806874884806973,
		486.840019044662995,
		312.860274387388984,
		958.636417304256952,
		1361.16037244516997,
		-62.0952337153118989,
		28.8455542367497983,
		156.773954408281014,
		445.417582141142987,
		957.586348837632045,
		1428.41019410197009,
		1324.5919007453399,
		2996.17850945156988,
		697.25191111184597,
		241.718540582665014,
		3772.57043797627011,
		1071.5205423217601,
		893.846386841437948,
		839.138595364486946,
		2891.67302771813002,
		383.729186672963976,
		1270.31822991134004,
		1460.57219531198007,
		612.219013900859977,
		1138.81464813466005,
		761.492204874750996,
		489.314607445472973,
		719.650660239404033,
		305.096299086273973,
		334.578186635869997,
		1276.4340359099499,
		384.203197917626028,
		127.148124358125997,
		682.724771183084954,
		642.48820091389598,
		3551.41677293782004,
		1469.09059625558007,
		558.760611856694027,
		1107.00800464508006,
		508.227637083232992,
		2548.78143956505983,
		1842.35096622115998,
		705.029380390468987,
		611.240419788096006,
		358.407556429179976,
		806.400026364848031,
		1478.29196964826997,
		600.78904585461305,
		977.797163650806965,
		1229.94076611924993,
		1129.20907535134006,
		928.194306902743051,
		999.568295427775979,
		385.582087567296981,
		1477.8499976164801,
		955.258302673683033,
		2464.66075517951003,
		3639.6887144687098,
		1041.45848980197002,
		3162.97628116636997,
		1083.87339876992996,
		1052.35923650877999,
		1082.00306260379989,
		2702.26410222295999,
		1930.67974587767003,
		689.705956966840972,
		200.69755911977299,
		1762.1343858570599,
		1374.49717280537993,
		7194.36795503497979,
		502.736689532594994,
		1040.89048654515,
		1136.98164702745999,
		2261.30125524041978,
		818.722220493184977,
		1555.70804105752995,
		1269.68637898548991,
		2081.44732639437007,
		4852.9683435791103,
		2865.46951996778989,
		832.526022041100987,
		2389.25899931451022,
		4048.58547218188005,
		3847.67710969957989,
		5550.42972277734043,
		2341.06994824321009,
		3866.64652429167018,
		-15768.0761738704005,
		2593.37080712184979,
		263.776037650965975,
		1965.3002667538799,
		2391.65459113634006,
		233.837229882397992,
		-85.7879963026347951,
		1009.85856283015005,
		1828.69461513919009,
		-26210.0135048923003,
		-528.028423546020008,
		-707.542677112743036,
		408.529376689609023,
		-82.1750465252675042,
		-226.199516496305989,
		-940.240498225240003,
		-603.529494600858015,
		-582.899794891565989,
		-461.231897535419989,
		-300.097218241812982,
		-1394.31611749006993,
		-56907.4466994789982,
		-459.176104784495976,
		-583.838208587108966,
		-688.744277644742965
	],
	"player_wins": 117.0,
	"timeouts": 0.0
}