{
	"best_avg_episode": 8,
	"best_avg_reward": 17.9573538668478,
	"episode": 31,
	"episodes_rewards": [
		9.21750196492456,
		12.1375118702206,
		11.5908318318113,
		10.5503579554855,
		6.41379896709695,
		10.8675790406196,
		10.74871470529,
		9.0125287397898,
		17.9573538668478,
		8.39044918689235,
		10.4265157928888,
		11.0642016824349,
		17.2044055303291,
		10.7875057914092,
		6.68606331539875,
		8.91278124905587,
		9.12911224107998,
		10.9425421049397,
		9.5520723364066,
		7.35679891807327,
		7.84606329563725,
		10.0533316683838,
		12.2502942289218,
		11.5231446242411,
		12.4301138517096,
		10.2851446028042,
		9.87395456288203,
		8.80229092545478,
		7.37492387296135,
		17.1213754942178,
		9.26599759174123
	]
}