{
	"best_avg_episode": 0,
	"best_avg_reward": -1000000000.0,
	"episode": 926,
	"episodes_rewards": [
		-5.23999999999995,
		-7.4499999999999,
		-6.95999999999992,
		-4.97999999999995,
		-5.65999999999994,
		-5.7499999999999,
		-9.46999999999987,
		-7.19999999999991,
		-3.31999999999998,
		-4.11999999999997,
		-4.25999999999996,
		-6.26999999999993,
		-8.37999999999989,
		-5.05999999999996,
		-4.53999999999997,
		-7.6099999999999,
		-3.15999999999999,
		-7.5599999999999,
		-3.95999999999993,
		-5.21999999999995,
		-6.54999999999993,
		-4.70999999999996,
		-4.31999999999996,
		-6.33999999999993,
		-3.59999999999994,
		-7.39999999999991,
		-3.93999999999997,
		-6.36999999999993,
		-4.95999999999994,
		-7.36999999999991,
		-5.00999999999995,
		-4.89999999999992,
		-6.12999999999994,
		-9.46999999999986,
		-6.78999999999992,
		-4.07999999999998,
		-4.32999999999997,
		-6.86999999999992,
		-5.69999999999994,
		-8.41999999999989,
		-5.43999999999994,
		-7.40999999999991,
		-4.57999999999996,
		-6.14999999999993,
		-4.70999999999996,
		-4.75999999999993,
		-9.55999999999986,
		-5.90999999999994,
		-4.68999999999996,
		-7.29999999999991,
		-5.10999999999995,
		-6.97999999999992,
		-6.21999999999993,
		-5.11999999999995,
		-4.73999999999996,
		-6.45999999999993,
		-5.98999999999993,
		-5.07999999999995,
		-5.53999999999991,
		-6.04999999999994,
		-9.31999999999987,
		-6.05999999999993,
		-7.22999999999991,
		-4.01999999999998,
		-7.43999999999991,
		-2.71999999999999,
		-6.57999999999993,
		-7.51999999999991,
		-7.6699999999999,
		-6.27999999999993,
		-5.82999999999994,
		-5.07999999999996,
		-6.38999999999993,
		-6.18999999999993,
		-5.16999999999995,
		-6.15999999999994,
		-3.79999999999997,
		-6.94999999999992,
		-3.52999999999998,
		-7.52999999999991,
		-5.63999999999994,
		-4.74999999999996,
		-5.75999999999994,
		-4.06999999999997,
		-7.6599999999999,
		-6.42999999999993,
		-5.54999999999995,
		-9.89999999999985,
		-4.84999999999995,
		-9.89999999999985,
		-4.36999999999997,
		-6.77999999999992,
		-7.05999999999992,
		-5.04999999999995,
		-5.89999999999993,
		-4.91999999999996,
		-5.07999999999995,
		-8.0899999999999,
		-5.58999999999994,
		-7.63999999999991,
		-2.62999999999997,
		-8.90999999999988,
		-4.46999999999996,
		-5.04999999999996,
		-5.84999999999994,
		-5.74999999999994,
		-6.47999999999992,
		-7.5999999999999,
		-4.81999999999996,
		-4.72999999999996,
		-9.89999999999985,
		-8.27999999999989,
		-7.5199999999999,
		-4.73999999999996,
		-6.72999999999992,
		-5.02999999999996,
		-4.38999999999996,
		-4.65999999999996,
		-7.7399999999999,
		-7.17999999999991,
		-9.14999999999986,
		-5.38999999999994,
		-4.97999999999995,
		-7.45999999999991,
		-4.83999999999995,
		-5.99999999999994,
		-5.04999999999996,
		-6.70999999999992,
		-5.85999999999994,
		-7.79999999999989,
		-1.65999999999995,
		-3.64999999999998,
		-6.23999999999993,
		-5.57999999999994,
		-7.42999999999991,
		-7.52999999999991,
		-7.16999999999991,
		-6.08999999999993,
		-6.42999999999993,
		-6.24999999999993,
		-7.5299999999999,
		-6.84999999999992,
		-6.08999999999994,
		-6.81999999999992,
		-6.23999999999993,
		-6.42999999999993,
		-5.86999999999994,
		-6.01999999999993,
		-5.07999999999995,
		-4.94999999999996,
		-3.05999999999999,
		-5.60999999999994,
		-4.96999999999996,
		-3.17999999999999,
		-4.66999999999996,
		-5.51999999999994,
		-4.61999999999996,
		-3.78999999999997,
		-6.73999999999992,
		-4.23999999999997,
		-6.68999999999992,
		-8.24999999999989,
		-4.40999999999996,
		-6.54999999999992,
		-6.18999999999993,
		-5.32999999999995,
		-7.6399999999999,
		-1.12,
		-6.51999999999992,
		-5.69999999999994,
		-5.15999999999995,
		-8.18999999999989,
		-5.80999999999994,
		-4.61999999999996,
		-3.15999999999999,
		-6.29999999999993,
		-7.16999999999992,
		-4.95999999999995,
		-6.42999999999993,
		-7.12999999999991,
		-6.53999999999992,
		-4.56999999999996,
		-4.27999999999996,
		-4.93999999999996,
		-5.35999999999994,
		-4.17999999999997,
		-5.73999999999994,
		-5.93999999999993,
		-6.00999999999994,
		-5.13999999999995,
		-5.90999999999994,
		-7.6999999999999,
		-8.97999999999988,
		-3.23999999999998,
		-3.71999999999998,
		-4.05999999999996,
		-6.65999999999993,
		-6.27999999999993,
		-5.99999999999993,
		-3.87999999999998,
		-7.8799999999999,
		-3.37999999999998,
		-6.25999999999993,
		-3.64999999999997,
		-4.23999999999997,
		-4.08999999999997,
		-8.19999999999989,
		-6.34999999999993,
		-7.47999999999991,
		-7.28999999999991,
		-5.59999999999994,
		-5.62999999999994,
		-6.46999999999993,
		-9.89999999999986,
		-5.48999999999994,
		-3.06999999999995,
		-5.24999999999995,
		-5.75999999999994,
		-6.94999999999992,
		-7.8299999999999,
		-7.51999999999991,
		-7.27999999999991,
		-4.65999999999997,
		-5.14999999999995,
		-4.46999999999996,
		-5.32999999999995,
		-7.8699999999999,
		-6.20999999999993,
		-6.63999999999992,
		-6.46999999999993,
		-5.81999999999993,
		-6.47999999999993,
		-5.62999999999994,
		-6.43999999999992,
		-4.29999999999997,
		-6.64999999999992,
		-9.38999999999987,
		-5.96999999999993,
		-4.05999999999997,
		-4.63999999999996,
		-7.8799999999999,
		-3.67999999999998,
		-6.21999999999993,
		-2.54,
		-5.16999999999995,
		-5.68999999999994,
		-9.22999999999987,
		-9.89999999999985,
		-6.81999999999992,
		-4.51999999999996,
		-2.46999999999996,
		-5.85999999999994,
		-4.41999999999996,
		-3.77999999999997,
		-2.19,
		-5.47999999999995,
		-4.27999999999997,
		-7.17999999999991,
		-1.41,
		-3.76999999999997,
		-7.0499999999999,
		-3.58999999999998,
		-6.60999999999992,
		-6.08999999999994,
		-5.10999999999995,
		-5.00999999999996,
		-5.90999999999994,
		-6.84999999999992,
		-3.55999999999998,
		-5.32999999999995,
		-4.33999999999996,
		-6.03999999999993,
		-6.21999999999993,
		-6.78999999999992,
		-1.41999999999999,
		-4.16999999999997,
		-5.52999999999994,
		-8.02999999999989,
		-3.21999999999999,
		-7.30999999999991,
		-7.11999999999992,
		-6.49999999999993,
		-8.46999999999989,
		-8.52999999999989,
		-6.22999999999992,
		-3.67999999999998,
		-9.64999999999986,
		-6.18999999999994,
		-3.01999999999999,
		-5.28999999999995,
		-5.82999999999994,
		-5.77999999999994,
		-6.18999999999993,
		-5.47999999999995,
		-4.27999999999997,
		-6.98999999999991,
		-9.31999999999987,
		-7.5399999999999,
		-7.68999999999991,
		-5.62999999999994,
		-6.05999999999994,
		-5.26999999999995,
		-4.60999999999996,
		-9.08999999999986,
		-6.83999999999992,
		-5.43999999999994,
		-6.88999999999991,
		-5.64999999999994,
		-6.17999999999993,
		-8.64999999999988,
		-3.76999999999998,
		-3.88999999999994,
		-5.34999999999995,
		-6.85999999999992,
		-6.91999999999992,
		-6.46999999999993,
		-3.60999999999995,
		-8.30999999999989,
		-4.62999999999996,
		-2.49999999999999,
		-5.30999999999995,
		-4.37999999999997,
		-5.64999999999994,
		-7.22999999999991,
		-7.6599999999999,
		-7.07999999999991,
		-3.49999999999998,
		-6.92999999999991,
		-3.33999999999999,
		-5.39999999999995,
		-5.82999999999994,
		-5.01999999999995,
		-8.17999999999989,
		-7.6599999999999,
		-5.42999999999994,
		-6.52999999999993,
		-4.25999999999997,
		-3.57999999999995,
		-7.20999999999991,
		-4.50999999999996,
		-4.85999999999996,
		-5.71999999999994,
		-2.71999999999998,
		-9.23999999999987,
		-5.42999999999995,
		-4.34999999999997,
		-4.45999999999992,
		-5.89999999999994,
		-7.07999999999992,
		-8.62999999999989,
		-6.83999999999992,
		-5.58999999999994,
		-5.27999999999995,
		-4.73999999999996,
		-7.7799999999999,
		-5.51999999999994,
		-5.80999999999994,
		-7.38999999999991,
		-3.70999999999998,
		-4.28999999999997,
		-6.07999999999993,
		-7.10999999999992,
		-5.86999999999994,
		-9.78999999999986,
		-7.6999999999999,
		-4.93999999999994,
		-6.49999999999993,
		-5.30999999999995,
		-7.7999999999999,
		-5.02999999999995,
		-4.38999999999997,
		-5.66999999999994,
		-9.17999999999987,
		-9.12999999999987,
		-5.31999999999995,
		-4.93999999999996,
		-7.25999999999991,
		-5.24999999999995,
		-6.84999999999992,
