{
    "best_avg_reward": 94.22703375810013,
    "episode_rewards": [
        -23.8961340297621,
        -47.9475104985939,
        -84.1103408783887,
        68.1342713736985,
        129.140454047908,
        69.185620558483,
        -26.4350010763401,
        -65.9130015763773,
        -34.8736207605246,
        61.3777762339362,
        400.682645549862,
        28.1186489671801,
        107.183470990336,
        34.842581450601,
        25.7797238207791,
        63.5083947782752,
        42.9995222078416,
        12.8796450898684,
        0.684157100358885,
        -6.76934451451474,
        86.8334091629149,
        29.4636635442684,
        133.047102063059,
        319.397051545247,
        21.7817636628472,
        111.420061273294,
        312.040515008714,
        134.143507987659,
        54.5856117165652,
        -9.93784226301502,
        41.9420731421842,
        15.6511154908772,
        11.6727513064004,
        47.6319984028109,
        136.9478397382,
        32.1731665544682,
        -9.85751588831627,
        14.2029511022182,
        4.96851645764227,
        227.001528367575,
        -10.0036160377445,
        70.1481071509366,
        -51.7034472498361,
        3.5815331361609,
        -1.7161144534325,
        21.4826293559163,
        63.4365024685585,
        66.2234888197258,
        61.851425987095,
        50.3748692926335,
        51.6281678454629,
        -30.030124437395,
        38.6853463097556,
        41.6520314334952,
        51.0689188432592,
        -5.57673180753507,
        121.308645799498,
        66.6240443830366,
        30.591540077551,
        3.40336074699479,
        193.000026189452,
        73.9794595706143,
        25.1120316432334,
        49.7318714604199,
        46.1450567173844,
        43.4037487516785,
        -36.4334827934241,
        55.7270632342212,
        26.0547839800377,
        93.1809633421875,
        59.3764171953225,
        209.082586863822,
        10.6617082947156,
        7.65655657142764,
        84.2654221740072,
        3.94208596065752,
        31.4360314102097,
        -15.6659005626373,
        14.4051828331998,
        24.8118262049477,
        63.5326873272135,
        222.300612979396,
        -28.7794421464996,
        -11.97004972914,
        111.820859672631,
        -9.55529016885362,
        29.0130013029807,
        53.7190532422059,
        34.018789481744,
        24.1907943774804,
        -14.3712322813326,
        64.9517359693794,
        170.69083524147,
        61.8987037923319,
        -63.81820367037,
        57.7501483650532,
        44.4518870438773,
        26.2383666994609,
        9.98824757275515,
        68.6228599297987,
        -15.2127413878657,
        11.3577441262805,
        -32.1198876946117,
        -19.0954193509179,
        36.8486339612234,
        -6.93544268834624,
        14.3837167219786,
        50.3972781563083,
        29.4721598369174,
        -3.8064154294972,
        31.6159983208992,
        3.14650944460227,
        76.2421136508224,
        102.677679224186,
        -16.5246320015579,
        -86.1877294834565,
        79.7588562997253,
        60.7137525833062,
        86.418642824681,
        72.6766461064137,
        12.6567942510659,
        9.374426759263,
        69.4106069158927,
        -69.1532233391608,
        -4.38017174214494,
        4.96561607208519,
        76.9770276332351,
        -3.65519566009046,
        87.6377396468827,
        -89.4972941452771,
        80.755723418441,
        -48.4864931294167,
        44.0722508365249,
        23.9411447848336,
        -81.8117783382186,
        36.2224218064278,
        0.73549098956189,
        -99.7854754550254,
        -30.4273215122393,
        -23.3717236063128,
        75.6252921950103,
        18.9427150618956,
        -111.357003257053,
        -39.0627857659873,
        38.4412944647941,
        34.4091202718109,
        -77.480149238746,
        -20.7751785170542,
        60.9272830545127,
        -36.3153451263209,
        -9.9931509433587,
        -44.1592854641093,
        -89.5522137540037,
        -133.898543094809,
        -96.8991984846642,
        111.693409509671,
        -14.6832851709146,
        -18.2269710165832,
        -161.169271341604,
        -139.409977115119,
        -90.113129951732,
        -160.846235787491,
        172.298947585722,
        19.025448654239,
        13.6692662536974,
        41.677258245458,
        80.3232198991774,
        -39.953178469152,
        41.2914600068985,
        -22.9893694801759,
        -109.343166800987,
        37.2537436385339,
        -59.3473722334577,
        -28.8015151675108,
        27.3635959521737,
        36.8351967638919,
        -27.2888946354509,
        20.5934081613332,
        -1.19605580583377,
        32.4957861371199,
        -66.7278592440634,
        19.317728741634,
        17.793298780087,
        22.2585810617387,
        -16.7636293518624,
        32.9126640736072,
        12.5293040133807,
        14.5125217555206,
        12.7175212347209,
        -59.1832594950577,
        21.7809852182429,
        -114.021565341379,
        35.7612290002684,
        -98.5844580965253,
        35.3954673212396,
        -12.9224524081551,
        -64.8213403330326,
        -94.1719287431005,
        -67.9239293310046,
        -16.6860518288921,
        30.7947427880715,
        -10.4796438495443,
        -90.9522702341355,
        51.0226664469082,
        5.23701159193071,
        1.32356773299783,
        35.1668970152094,
        0.63247254152024
    ]
}