{
	"best_avg_episode": 0,
	"best_avg_reward": -1000000000.0,
	"episode": 322,
	"episodes_rewards": [
		23.7782173061177,
		22.0033884712552,
		55.1087130217455,
		-15.8781611020212,
		32.2245935816173,
		13.0926530888464,
		28.1578006353258,
		-46.8341800988244,
		130.653153822418,
		-13.8897015088304,
		45.1850157835829,
		59.4918623297106,
		113.63238488022,
		98.9242931269441,
		76.11597320151,
		56.9710675619859,
		42.5540149940072,
		2.073358294601,
		-9.87514117947566,
		2.02208020867073,
		89.5362970687511,
		62.9369770389023,
		69.7428106651865,
		81.4865421144963,
		75.7712345065322,
		73.6232590737315,
		-6.2082888322252,
		100.647899336019,
		-0.00732305862840263,
		87.3491554552786,
		94.4514471495748,
		-16.953280085598,
		10.5288102420648,
		-38.1175229649409,
		109.843273743094,
		45.1545127436387,
		44.7751750613348,
		-4.66642872521281,
		-23.1258637054349,
		9.84079101672278,
		34.1875935992259,
		-1.93952279832632,
		102.096087070388,
		11.6889742055484,
		96.0517120760351,
		-9.45714577154296,
		-4.75879733828383,
		48.1228175340031,
		69.0849542552673,
		33.5823064041655,
		114.70420216613,
		42.0704857949859,
		-36.6448615115761,
		-19.6634970409977,
		-13.8676451695111,
		26.7114207071883,
		45.5584869852631,
		49.3304222248503,
		26.619168429989,
		80.2724329372106,
		52.9431685143316,
		98.9876419192248,
		37.0797131822047,
		-6.34273976802844,
		-5.73880454677453,
		97.181981803349,
		-15.0915946929888,
		62.6136119002395,
		9.20887646498817,
		9.26915007964075,
		87.4694233390905,
		10.0847422901412,
		64.8755864217151,
		-21.1516584955185,
		95.0389240063999,
		84.2309068588927,
		8.72649470359714,
		82.1577687582644,
		84.368608734884,
		56.9919791985398,
		46.8497492652956,
		-42.6374175446033,
		-36.5558434746093,
		-27.1927042471682,
		27.6693037737938,
		0.00922298983108749,
		-13.9384304401278,
		45.7068964918417,
		68.8957454026294,
		21.1429833979624,
		-24.8021089486864,
		-36.5090928160057,
		43.9264241147872,
		28.0104700296461,
		85.7606940857669,
		55.811372505374,
		-11.0454902386165,
		73.7555679799179,
		-41.8083363130886,
		109.680798007902,
		1.50343361411818,
		16.5289778982015,
		94.7359365502511,
		26.2395155669438,
		-26.8513147244701,
		112.59459536156,
		88.2687505137565,
		132.031260559585,
		35.4417513368832,
		10.0164553676677,
		26.4208278086489,
		111.500324436007,
		2.07474141424002,
		16.8188732168876,
		48.3241556017801,
		68.3318918100363,
		61.108349724535,
		138.229495319475,
		71.8969536867692,
		-36.9369089369315,
		46.3514817989249,
		-25.3116675386017,
		18.7700569462972,
		36.3360901075893,
		137.440793418031,
		-26.1509258434837,
		7.37774772107826,
		-28.5844218436252,
		11.1789635030858,
		48.7754569922426,
		37.7336587891856,
		-7.98155670773817,
		34.8681425284036,
		12.6655671207028,
		51.7034249254556,
		-22.6106416383933,
		29.9474993579716,
		-36.4777878156692,
		109.910032606023,
		82.4129201469031,
		78.6629497112399,
		53.3013220646541,
		37.1952912517751,
		0.352534775568174,
		29.0372129165637,
		-31.8259564755677,
		-26.5362076037615,
		-8.41504876437799,
		73.8763357006087,
		89.5108938582183,
		13.1673852223091,
		-9.66897659995262,
		22.0969520451356,
		95.8913618697646,
		23.4915031216158,
		30.1867002467309,
		1.33279453367724,
		70.9979013797152,
		43.0341354778842,
		35.9899235317624,
		-35.2819333056758,
		40.5236522186606,
		-40.4712093419359,
		49.8374934594439,
		19.163188004596,
		15.9959617655216,
		7.62404793065723,
		35.1056134156492,
		89.785481141636,
		-39.5788264829034,
		43.0040382821381,
		85.3792636614583,
		-23.5648708899843,
		73.7361022104591,
		111.25471626551,
		79.4669557513727,
		81.9191199927672,
		16.0246155953826,
		46.0707067965671,
		-27.7488590543542,
		40.9318176255243,
		13.3806699384415,
		89.1244624345682,
		50.9178718634801,
		-23.140904842317,
		77.6830139919924,
		0.682948438961004,
		61.9805325856774,
		-37.6629899786337,
		56.0638833705313,
		25.1504906468108,
		72.820323844657,
		1.1479447258144,
		69.1886661074764,
		-6.98189098317758,
		15.4378650354073,
		16.3481788182339,
		27.5299447918605,
		91.3607044491084,
		111.711986185792,
		85.6116235208054,
		-31.7368380889288,
		-44.4281578857026,
		33.4350964369192,
		31.7531728120425,
		88.2668884244053,
		90.1641948612199,
		-35.3988324305333,
		46.7290202272885,
		30.3224558322053,
		-17.1376083657608,
		79.5409034975742,
		59.7511818908476,
		22.0622771893742,
		19.2984704931982,
		73.9904790851263,
		3.55329698829613,
		9.21041857952654,
		76.3602524663247,
		127.860944904113,
		40.3743208748845,
		39.6235376482341,
		79.6301566820168,
		-39.217335128167,
		105.795532158493,
		-47.4308442921488,
		3.87562519991714,
		5.91085284377981,
		108.852389952441,
		-11.6908604270396,
		49.1450622568456,
		69.9987119352733,
		-12.6416611176306,
		15.4089252113087,
		18.989800628402,
		-39.007623405304,
		69.575117840759,
		113.081735524293,
		78.072191901945,
		-52.9156434201468,
		53.6948433778536,
		-3.00444300483231,
		86.9205509404056,
		6.23799347824677,
		81.5407913254712,
		106.841956481281,
		103.224165991452,
		66.0144693256428,
		49.9630652863559,
		40.1147603613365,
		-16.2975262462168,
		-12.2968205503776,
		7.24801046088294,
		-26.5459254202581,
		80.5260344591488,
		9.68471907485495,
		10.0354520977771,
		37.6926258971181,
		65.9645824286781,
		33.8054891786338,
		10.3587500574356,
		-36.9206712946428,
		41.8012093273067,
		91.1784343399809,
		43.8927460616404,
		47.3921288693513,
		-16.8588116490594,
		-0.285062333001981,
		20.9331123172395,
		47.6578505536392,
		11.6739177552649,
		-29.1102738489974,
		113.501673756535,
		69.8623300621022,
		29.9274336793443,
		34.8429620845012,
		17.3463145497825,
		92.6480531912468,
		-11.5066055926024,
		-6.11910457201493,
		15.2328846935057,
		12.0029594315109,
		46.9763556184294,
		69.1239357052022,
		57.7689244076904,
		49.8158384604415,
		47.1328826296134,
		-8.52522834840505,
		65.4999639743758,
		65.5602565534809,
		79.7873978348054,
		96.884423210161,
		34.8157900560851,
		5.475300676139,
		86.4184482510096,
		91.9943628700464,
		-27.6533041362888,
		3.7144921158438,
		156.850361874189,
		45.5711206148075,
		82.0342951563638,
		30.9678761640748,
		-22.2173509382115,
		-42.6922125654188,
		130.052080048376,
		-2.87102226926942,
		80.5931329986785,
		58.3339018563662,
		45.3568810011477,
		38.9096595859389,
		108.920504332546,
		-24.6709362530984,
		145.409356015372,
		16.9568681808194,
		-33.7984159504964,
		37.7874506642709,
		-19.7845146836238,
		-37.8226690333617,
		64.1984800305264,
		-13.1800414331813,
		50.2078309161741,
		102.869547114364
	]
}