{
	"best_avg_episode": 76,
	"best_avg_reward": 7194.36795503498,
	"best_episode_rewards": [
		1166.51540418629,
		1166.51540418629,
		1166.51540418629,
		1166.51540418629,
		1166.51540418629,
		1166.51540418629,
		1166.51540418629,
		1166.51540418629,
		1166.51540418629,
		1166.51540418629,
		1166.51540418629,
		1361.16037244517,
		1361.16037244517,
		1361.16037244517,
		1361.16037244517,
		1361.16037244517,
		1361.16037244517,
		1428.41019410197,
		1428.41019410197,
		2996.17850945157,
		2996.17850945157,
		2996.17850945157,
		3772.57043797627,
		3772.57043797627,
		3772.57043797627,
		3772.57043797627,
		3772.57043797627,
		3772.57043797627,
		3772.57043797627,
		3772.57043797627,
		3772.57043797627,
		3772.57043797627,
		3772.57043797627,
		3772.57043797627,
		3772.57043797627,
		3772.57043797627,
		3772.57043797627,
		3772.57043797627,
		3772.57043797627,
		3772.57043797627,
		3772.57043797627,
		3772.57043797627,
		3772.57043797627,
		3772.57043797627,
		3772.57043797627,
		3772.57043797627,
		3772.57043797627,
		3772.57043797627,
		3772.57043797627,
		3772.57043797627,
		3772.57043797627,
		3772.57043797627,
		3772.57043797627,
		3772.57043797627,
		3772.57043797627,
		3772.57043797627,
		3772.57043797627,
		3772.57043797627,
		3772.57043797627,
		3772.57043797627,
		3772.57043797627,
		3772.57043797627,
		3772.57043797627,
		3772.57043797627,
		3772.57043797627,
		3772.57043797627,
		3772.57043797627,
		3772.57043797627,
		3772.57043797627,
		3772.57043797627,
		3772.57043797627,
		3772.57043797627,
		3772.57043797627,
		3772.57043797627,
		3772.57043797627,
		3772.57043797627,
		7194.36795503498,
		7194.36795503498,
		7194.36795503498,
		7194.36795503498,
		7194.36795503498,
		7194.36795503498,
		7194.36795503498,
		7194.36795503498,
		7194.36795503498,
		7194.36795503498,
		7194.36795503498,
		7194.36795503498,
		7194.36795503498,
		7194.36795503498,
		7194.36795503498,
		7194.36795503498,
		7194.36795503498,
		7194.36795503498,
		7194.36795503498,
		7194.36795503498,
		7194.36795503498,
		7194.36795503498,
		7194.36795503498,
		7194.36795503498,
		7194.36795503498,
		7194.36795503498,
		7194.36795503498,
		7194.36795503498,
		7194.36795503498,
		7194.36795503498,
		7194.36795503498,
		7194.36795503498,
		7194.36795503498,
		7194.36795503498,
		7194.36795503498,
		7194.36795503498,
		7194.36795503498,
		7194.36795503498,
		7194.36795503498,
		7194.36795503498,
		7194.36795503498,
		7194.36795503498,
		7194.36795503498
	],
	"boss_wins": 3,
	"episode": 119,
	"episodes_rewards": [
		1166.51540418629,
		458.32602325223,
		768.305970288737,
		731.677292246399,
		530.457280622722,
		234.274406095727,
		1115.39847158963,
		95.9806874884807,
		486.840019044663,
		312.860274387389,
		958.636417304257,
		1361.16037244517,
		-62.0952337153119,
		28.8455542367498,
		156.773954408281,
		445.417582141143,
		957.586348837632,
		1428.41019410197,
		1324.59190074534,
		2996.17850945157,
		697.251911111846,
		241.718540582665,
		3772.57043797627,
		1071.52054232176,
		893.846386841438,
		839.138595364487,
		2891.67302771813,
		383.729186672964,
		1270.31822991134,
		1460.57219531198,
		612.21901390086,
		1138.81464813466,
		761.492204874751,
		489.314607445473,
		719.650660239404,
		305.096299086274,
		334.57818663587,
		1276.43403590995,
		384.203197917626,
		127.148124358126,
		682.724771183085,
		642.488200913896,
		3551.41677293782,
		1469.09059625558,
		558.760611856694,
		1107.00800464508,
		508.227637083233,
		2548.78143956506,
		1842.35096622116,
		705.029380390469,
		611.240419788096,
		358.40755642918,
		806.400026364848,
		1478.29196964827,
		600.789045854613,
		977.797163650807,
		1229.94076611925,
		1129.20907535134,
		928.194306902743,
		999.568295427776,
		385.582087567297,
		1477.84999761648,
		955.258302673683,
		2464.66075517951,
		3639.68871446871,
		1041.45848980197,
		3162.97628116637,
		1083.87339876993,
		1052.35923650878,
		1082.0030626038,
		2702.26410222296,
		1930.67974587767,
		689.705956966841,
		200.697559119773,
		1762.13438585706,
		1374.49717280538,
		7194.36795503498,
		502.736689532595,
		1040.89048654515,
		1136.98164702746,
		2261.30125524042,
		818.722220493185,
		1555.70804105753,
		1269.68637898549,
		2081.44732639437,
		4852.96834357911,
		2865.46951996779,
		832.526022041101,
		2389.25899931451,
		4048.58547218188,
		3847.67710969958,
		5550.42972277734,
		2341.06994824321,
		3866.64652429167,
		-15768.0761738704,
		2593.37080712185,
		263.776037650966,
		1965.30026675388,
		2391.65459113634,
		233.837229882398,
		-85.7879963026348,
		1009.85856283015,
		1828.69461513919,
		-26210.0135048923,
		-528.02842354602,
		-707.542677112743,
		408.529376689609,
		-82.1750465252675,
		-226.199516496306,
		-940.24049822524,
		-603.529494600858,
		-582.899794891566,
		-461.23189753542,
		-300.097218241813,
		-1394.31611749007,
		-56907.446699479,
		-459.176104784496,
		-583.838208587109,
		-688.744277644743
	],
	"player_wins": 117,
	"timeouts": 0
}