{
	"best_avg_episode": 0,
	"best_avg_reward": -1000000000.0,
	"episode": 451,
	"episodes_rewards": [
		59.6022810198767,
		-30.5000000003904,
		20.9023709496245,
		5.25925808850286,
		-28.3043493052914,
		24.8700115968055,
		12.4184657553887,
		-25.3256213543863,
		-18.6609714473837,
		36.5238040199246,
		129.510899695144,
		-20.8716845107083,
		12.1358859104563,
		8.76119123441242,
		94.4383088751453,
		-25.8418359822921,
		-18.5852165551254,
		56.9026411411505,
		-6.33187522660922,
		66.666433133102,
		8.47618524340979,
		-5.26901255231356,
		41.159682950452,
		2.41385019873832,
		-13.2431894078378,
		-10.7227792218346,
		41.0911885918277,
		31.5302446431812,
		-2.97337199331435,
		42.9317540332921,
		-22.3721251814585,
		-12.3788840844979,
		64.503885873357,
		1.48446199370191,
		-15.5756107674871,
		43.1635117029768,
		28.5186470659681,
		75.6149721350139,
		66.4308680715244,
		-6.57001643841819,
		23.8654598177506,
		-16.9483708808693,
		-7.98551944518803,
		38.9949327450245,
		-10.7600135226595,
		75.2536115778743,
		-15.8763269540267,
		96.7307729115897,
		-8.80011923215786,
		13.1618202188268,
		36.6125579781948,
		25.8308151012692,
		28.6027312037313,
		-1.24028083493739,
		55.5718660469248,
		53.5048749853992,
		-9.04797664805581,
		28.6993027203497,
		-19.325451601273,
		21.1340959983605,
		-14.2017177398753,
		-4.13843981011274,
		32.1180616524591,
		-23.3710144517495,
		-15.7017643633437,
		58.5292823525956,
		60.2343785463438,
		66.6881332715851,
		103.548009674201,
		35.7342420562839,
		19.354458049005,
		31.0707883818621,
		41.041436621028,
		-19.7939857383052,
		-15.929724846694,
		58.9126008450294,
		-4.10815604272282,
		3.32103109553256,
		29.4032125542982,
		-38.5699077645273,
		16.2372267050432,
		64.3341348507617,
		58.392938040528,
		-7.60404855910514,
		58.0619103781611,
		-10.8393599215835,
		44.8683298723429,
		22.236194618137,
		-10.8920225773885,
		48.1603251210663,
		-24.9187667525405,
		35.9847031556,
		44.1917841433138,
		-19.6979560853343,
		67.5821581613651,
		37.4995711881441,
		58.2297384344246,
		-17.1824399090565,
		1.05082594992166,
		48.3423596974826,
		18.9557238216895,
		0.0315378747842091,
		29.9181952256148,
		31.4397984272748,
		-14.6037843214099,
		25.8060034495416,
		-11.0995263386565,
		-13.6732990474062,
		-10.0425823007058,
		2.89886098638427,
		-15.8436376259108,
		66.5556384285046,
		26.6154875147459,
		71.884344213977,
		-21.8798831994302,
		125.791238502631,
		-21.5600971947132,
		72.4078793673621,
		55.9225404893577,
		-5.71140265350417,
		47.3732772359202,
		-20.5569314059544,
		63.7621821332511,
		-23.5546316252761,
		68.3122112111617,
		-12.2422973108962,
		53.8136035480913,
		-18.0707491212002,
		-18.0788074965448,
		44.1621339504393,
		0.41465037390722,
		135.557005883147,
		-16.0864090567045,
		2.12494535166269,
		47.4513315634294,
		3.65544637468303,
		24.2867214206766,
		-6.24056770980381,
		-15.6865797339658,
		37.5154652150049,
		32.075494840854,
		-20.7485432265196,
		-4.48797536376093,
		-1.91694968746006,
		-11.618772375396,
		61.7472766424053,
		79.915075420289,
		49.2554406125528,
		-3.24129766554768,
		-19.1269760890094,
		54.849375113097,
		-2.01516298526162,
		20.886790921626,
		-6.17734325243151,
		-11.4488598919171,
		-21.9900287887525,
		-7.41810779276839,
		9.76832682578449,
		-25.1810771803766,
		-2.22563283868098,
		-19.9921834701962,
		38.429358054066,
		53.4766877708192,
		-11.0282687978858,
		129.019779855828,
		35.6981042800212,
		46.5719626196664,
		-15.3635120121259,
		-12.0320105840585,
		-14.2182625300366,
		82.886053656914,
		-21.8062146093811,
		73.1196003642333,
		49.0512391835986,
		25.541093458458,
		-12.0930885160823,
		-27.6876145187183,
		60.2058026627111,
		-15.9726238001912,
		111.365471517342,
		-16.7161610057317,
		125.579376354135,
		-14.6098029304348,
		-22.7672142357997,
		13.2868848503521,
		99.7983764315038,
		51.7563977493155,
		37.8109030639864,
		7.60603317031612,
		4.21077673418996,
		-17.7888371501236,
		46.2021187973671,
		5.78352040855844,
		136.790796137674,
		-25.8952939127869,
		60.5294977027576,
		20.0343722593016,
		-14.5494357379972,
		-17.6716878009569,
		7.55402889507049,
		20.3856640413344,
		66.1845279591902,
		15.9831323140976,
		3.30540092252848,
		33.9899293929277,
		6.15350459724772,
		-23.4565823138418,
		22.2549719611325,
		-12.4700737220885,
		91.9837487395398,
		-26.954485747947,
		-16.9900939737684,
		57.9826506956067,
		43.4086803209804,
		18.2752736436384,
		-6.76941775648644,
		113.87849749982,
		31.4799393668692,
		-10.7146158267294,
		15.2776292613852,
		48.1548191679834,
		4.90867120928285,
		58.0220309629106,
		-8.26726406328669,
		17.2620557327312,
		-11.9985094026859,
		-15.1815044223317,
		104.805615058688,
		-12.7050778891326,
		30.7859855165274,
		-29.6921229262236,
		-22.9881977332497,
		-20.0309271623199,
		15.8466086185018,
		39.1542458186129,
		-15.6958834904774,
		33.021629562505,
		55.0828650182223,
		-10.318543587723,
		-10.1070492746012,
		-24.6660808893903,
		65.8963085171274,
		59.9680963041568,
		62.675808918852,
		15.3764615139515,
		-32.3139603672613,
		65.7597224142244,
		24.7384140881942,
		53.1046608715107,
		-0.39323149089777,
		19.4197801126427,
		-6.44770216825279,
		26.7192729765013,
		51.5765971400308,
		-30.3018349548994,
		14.601391990606,
		-11.7368480839068,
		-24.6872832920944,
		3.42380273449238,
		-16.5052487909083,
		-15.6999556521824,
		-10.1137652354915,
		-13.7985074683688,
		6.55513593450797,
		14.8702495969014,
		7.58811258353381,
		-14.0798390064999,
		-2.97902290212634,
		-1.25246759977603,
		53.8640962960801,
		23.5556574382125,
		15.8462166094223,
		62.0490496649435,
		-7.89015912455746,
		38.1556726199108,
		-3.95689220852577,
		43.7264555279445,
		0.952271524904703,
		36.6308676909081,
		5.54268932393418,
		78.9708304145572,
		66.0932050916183,
		0.389118104952687,
		-24.396817881032,
		87.9271266660843,
		-20.2593608289631,
		52.1085030802741,
		-20.1103587073497,
		-12.7758343479208,
		-21.7225474027951,
		3.0974277389749,
		25.9361113928886,
		-14.1653622716982,
		-16.5107068298334,
		61.7150509106715,
		-9.41293205978282,
		-8.05715214634401,
		-1.1256498732072,
		-8.57157186487005,
		-12.8072553182612,
		-7.88438812085027,
		43.0597216481225,
		-3.22668200957348,
		8.18981817141662,
		70.5247381787663,
		-8.57719121763345,
		41.5588455812101,
		33.2770241181701,
		-22.8630521528238,
		62.00376921648,
		32.8986840270326,
		-10.3650165086479,
		17.3259038562598,
		-17.5275447479545,
		-7.78286053679046,
		58.8505569222986,
		-8.97884472157359,
		69.6794698854598,
		84.8724872536691,
		91.7529746735887,
		34.8133220360316,
		67.8991929805677,
		-7.16313818776088,
		28.5538783288277,
		56.2701774784571,
		-8.09523129844779,
		-8.60030576305656,
		-6.41555341424566,
		29.0214517378056,
		72.6885286551367,
		-20.4204820915343,
		-5.17437348093345,
		-19.6517468603806,
		3.2311991566933,
		-26.5417266904244,
		-13.0522034190298,
		63.1369894157727,
		11.6358503197957,
		49.6200263840991,
		-20.9078612786627,
		63.9850602030061,
		14.4971828179792,
		19.6219004480317,
		-15.3490165133173,
		30.300029761943,
		8.25430612423826,
		40.4256539129033,
		40.9670820570882,
		-9.67543012681005,
		74.2703963506136,
		-23.2918023785324,
		30.1007647637449,
		30.7313597157202,
		-15.0244066417246,
		-21.9347348824657,
		-8.76692430189508,
		-24.072852899241,
		-13.0725284902934,
		57.3748737448904,
		-11.8008551306931,
		-14.9946710266634,
		-0.723290806176658,
		0.377135238047875,
		24.9100967126795,
		-3.4456503553957,
		52.641932951861,
		13.9886690803315,
		51.0262801428128,
		-16.5935573223589,
		41.4660813792602,
		4.63441173679067,
		-21.8567192286235,
		-11.3630906353286,
		-1.78291099333847,
		13.3930385305673,
		24.4083189778326,
		-6.25221711039481,
		92.1279061843262,
		19.476379187247,
		19.3469773001455,
		55.7955251263458,
		27.9215752831528,
		34.9725349532599,
		66.9638058308212,
		-4.68509692225279,
		26.6529441670657,
		-18.4028695348915,
		-9.00080695516977,
