{
	"best_avg_episode": 0,
	"best_avg_reward": -1000000000.0,
	"episode": 25,
	"episodes_rewards": [
		57.2934478471084,
		28.2798601703793,
		12.4793435301716,
		27.4070081169754,
		-194.558253226233,
		-114.402776252311,
		-74.5394510551318,
		-184.038977632046,
		-92.0448015144363,
		-181.016270199195,
		-154.668387731163,
		94.0146940703971,
		49.6859840380105,
		27.0812120283087,
		3.85404066796425,
		-94.8327094205498,
		-72.9805656323576,
		-179.104663045082,
		57.8102356033232,
		-143.859420869757,
		-100.803482373218,
		70.2439119104084,
		-119.283323556151,
		-149.454210604063,
		-75.5092925340429
	]
}